date,holding_pnl_dollars,impact_cost_dollars,linear_cost_dollars,net_pnl_dollars,cumulative_net_pnl_dollars,event_id,strategy
2027-01-04,11605.075925084235,11580.655262998287,2787.1627185538196,-2762.742056467872,-2762.742056467872,event_01,static_open_loop
2027-01-05,32333.890169494367,16259.957127993306,3428.3428241192246,12645.590217381836,9882.848160913964,event_01,static_open_loop
2027-01-06,355411.0025147986,26719.04561720144,4268.987055628603,324422.96984196856,334305.81800288253,event_01,static_open_loop
2027-01-07,466193.6970130166,39881.09883215334,5390.788994625143,420921.80918623816,755227.6271891207,event_01,static_open_loop
2027-01-08,-212414.5961993341,41902.54540411701,5796.983746812322,-260114.12535026344,495113.5018388573,event_01,static_open_loop
2027-01-11,-851852.0532599769,42834.127666718865,6213.966697733171,-900900.147624429,-405786.64578557166,event_01,static_open_loop
2027-01-12,709778.1388061027,38088.17136933179,5677.61064969934,666012.3567870716,260225.7110014999,event_01,static_open_loop
2027-01-13,859006.8379149749,32896.67105040474,5345.377017190461,820764.7898473797,1080990.5008488796,event_01,static_open_loop
2027-01-14,-198585.53609770793,27351.628426162843,4296.568353454079,-230233.73287732486,850756.7679715548,event_01,static_open_loop
2027-01-15,1034368.8864595632,45725.37823695895,6137.6708345116385,982505.8373880925,1833262.6053596474,event_01,static_open_loop
2027-01-04,11852.519696647736,11481.928512881044,2774.695210310333,-2404.1040265436413,-2404.1040265436413,event_01,forecast_error_risk
2027-01-05,32030.930803757823,16173.892313417677,3419.1827848016605,12437.855705538486,10033.751678994846,event_01,forecast_error_risk
2027-01-06,356861.61957437656,26671.882162380654,4263.085988838311,325926.6514231576,335960.40310215246,event_01,forecast_error_risk
2027-01-07,467644.02814881585,39877.00678802031,5386.177677572407,422380.8436832231,758341.2467853755,event_01,forecast_error_risk
2027-01-08,-216567.19683817858,41769.09848830084,5783.9918225600795,-264120.2871490395,494220.959636336,event_01,forecast_error_risk
2027-01-11,-850917.4669889808,42673.29918843331,6198.712755579766,-899789.4789329938,-405568.5192966578,event_01,forecast_error_risk
2027-01-12,715160.1313070606,37985.86740297737,5668.084745866283,671506.179158217,265937.6598615592,event_01,forecast_error_risk
2027-01-13,861885.0231521858,32974.4205266445,5355.361844150154,823555.2407813913,1089492.9006429506,event_01,forecast_error_risk
2027-01-14,-200086.23541549858,27478.803286399103,4332.710680425313,-231897.749382323,857595.1512606276,event_01,forecast_error_risk
2027-01-15,1034368.8864595625,45953.926055395306,6155.65634947749,982259.3040546897,1839854.4553153173,event_01,forecast_error_risk
2027-01-21,-39831.80214452087,19588.12211663893,3711.1702565930823,-63131.094517752885,-63131.094517752885,event_02,static_open_loop
2027-01-22,8162.3019186522615,23212.27049017255,4028.869468217942,-19078.838039738228,-82209.93255749112,event_02,static_open_loop
2027-01-25,-223595.68034311006,26419.09697384957,4445.512364158078,-254460.28968111772,-336670.22223860887,event_02,static_open_loop
2027-01-26,-1073047.616404229,32170.370084309117,5093.827804935647,-1110311.8142934737,-1446982.0365320826,event_02,static_open_loop
2027-01-27,-514733.321733278,37969.56587429277,5569.973576638471,-558272.8611842092,-2005254.8977162917,event_02,static_open_loop
2027-01-28,-2066541.3805839522,45855.21211975202,5734.970088501843,-2118131.562792206,-4123386.460508498,event_02,static_open_loop
2027-01-29,-795277.7956043626,35459.48733660018,5664.379147984504,-836401.6620889474,-4959788.122597445,event_02,static_open_loop
2027-02-01,-463900.61778249533,31203.718037944094,4765.05992482721,-499869.39574526664,-5459657.518342711,event_02,static_open_loop
2027-02-02,951828.2452166046,24727.54790656309,5215.565285717988,921885.1320243236,-4537772.386318387,event_02,static_open_loop
2027-02-03,-1404207.388468408,26970.104282957418,4939.355948361937,-1436116.8486997276,-5973889.2350181155,event_02,static_open_loop
2027-01-21,-39649.37820291084,19469.754401387276,3696.4972474590545,-62815.62985175717,-62815.62985175717,event_02,forecast_error_risk
2027-01-22,7984.496105951386,23095.57489930544,4015.638633392384,-19126.717426746436,-81942.34727850361,event_02,forecast_error_risk
2027-01-25,-221368.488720288,26325.32455027185,4434.051800239131,-252127.865070799,-334070.2123493026,event_02,forecast_error_risk
2027-01-26,-1070278.2732065718,32098.090050613384,5083.322801850073,-1107459.6860590351,-1441529.8984083377,event_02,forecast_error_risk
2027-01-27,-511739.8540040843,37920.926746857236,5560.715855582738,-555221.4966065242,-1996751.395014862,event_02,forecast_error_risk
2027-01-28,-2060177.1071682007,45726.07132125952,5718.520849293509,-2111621.6993387537,-4108373.094353616,event_02,forecast_error_risk
2027-01-29,-791677.4497919224,35361.289203997745,5641.849269948346,-832680.5882658684,-4941053.682619484,event_02,forecast_error_risk
2027-02-01,-467148.4501733312,31226.096235578807,4765.763955070937,-503140.31036398094,-5444193.992983465,event_02,forecast_error_risk
2027-02-02,966512.2650893832,24885.485068779057,5246.835329730814,936379.9446908734,-4507814.048292592,event_02,forecast_error_risk
2027-02-03,-1404207.3884684078,27286.85480876087,4997.70020069065,-1436491.9434778593,-5944305.991770452,event_02,forecast_error_risk
2027-02-09,-67819.29391135309,17680.890489150024,3458.7379712517777,-88958.92237175489,-88958.92237175489,event_03,static_open_loop
2027-02-10,-5675.018126858504,18002.017822588707,3859.81230953354,-27536.84825898075,-116495.77063073564,event_03,static_open_loop
2027-02-11,554776.4881513355,23341.854088330372,4410.274475148833,527024.3595878562,410528.58895712055,event_03,static_open_loop
2027-02-12,-482945.43147604045,35355.11028525476,5821.129922302669,-524121.6716835979,-113593.08272647735,event_03,static_open_loop
2027-02-15,323606.2399810975,48586.6461058146,5935.086629347765,269084.50724593515,155491.4245194578,event_03,static_open_loop
2027-02-16,283476.5656372703,41839.752651399285,5991.666010415005,235645.14697545598,391136.5714949138,event_03,static_open_loop
2027-02-17,-731485.5052319296,37803.16996164709,5869.25779932272,-775157.9329928994,-384021.36149798566,event_03,static_open_loop
2027-02-18,653316.6205852542,28657.67502703157,5325.479312407837,619333.4662458148,235312.10474782914,event_03,static_open_loop
2027-02-19,-467814.75358624937,25995.594818351743,4235.633153372979,-498045.98155797407,-262733.8768101449,event_03,static_open_loop
2027-02-22,1045614.9257414633,31299.749900120383,5122.023828354902,1009193.152012988,746459.2752028431,event_03,static_open_loop
2027-02-09,-67695.52024589447,17554.051691905464,3445.6938720418393,-88695.26580984177,-88695.26580984177,event_03,forecast_error_risk
2027-02-10,-5437.556671822355,17918.763960833254,3850.2607529479014,-27206.581385603513,-115901.84719544528,event_03,forecast_error_risk
2027-02-11,553572.5160756956,23288.422365504357,4403.999897191488,525880.0938129998,409978.2466175545,event_03,forecast_error_risk
2027-02-12,-486226.06703474885,35352.55343386353,5817.536596396125,-527396.1570650085,-117417.91044745402,event_03,forecast_error_risk
2027-02-15,323264.5598321208,48432.26133844763,5923.729079105133,268908.569414568,151490.658967114,event_03,forecast_error_risk
2027-02-16,280537.1899244709,41696.169730317095,5979.6891575571135,232861.3310365967,384351.9900037107,event_03,forecast_error_risk
2027-02-17,-733955.3300910124,37743.15387289628,5862.494663907461,-777560.9786278161,-393208.98862410535,event_03,forecast_error_risk
2027-02-18,650650.802890806,28616.572422450903,5301.059659023316,616733.1708093318,223524.18218522647,event_03,forecast_error_risk
2027-02-19,-468096.5107519318,26032.006596491177,4272.078643840909,-498400.59599226393,-274876.41380703746,event_03,forecast_error_risk
2027-02-22,1045614.9257414412,31580.56703624766,5155.270798397263,1008879.0879067963,734002.6740997587,event_03,forecast_error_risk
2027-02-26,158918.05101315776,18683.00020261359,3683.4546468885633,136551.5961636556,136551.5961636556,event_04,static_open_loop
2027-03-01,66307.89956168536,19100.91088912098,4098.138150128733,43108.850522435656,179660.44668609125,event_04,static_open_loop
2027-03-02,-428685.88201411016,25954.997851855616,4458.249312136378,-459099.1291781022,-279438.68249201094,event_04,static_open_loop
2027-03-03,-162287.69857322102,32175.08589779344,4902.372968957049,-199365.15743997152,-478803.83993198245,event_04,static_open_loop
2027-03-04,-741259.6036637385,42127.14559114052,5514.510921282974,-788901.2601761619,-1267705.1001081443,event_04,static_open_loop
2027-03-05,58206.17049680009,39516.08486507964,5384.89712939941,13305.188502321042,-1254399.9116058233,event_04,static_open_loop
2027-03-08,105641.15525143463,34397.10610365558,4980.528088979902,66263.52105879915,-1188136.390547024,event_04,static_open_loop
2027-03-09,-218230.26826965463,29398.335812930007,4832.540192990375,-252461.144275575,-1440597.534822599,event_04,static_open_loop
2027-03-10,-1511514.8834379003,29108.371833492296,5371.541878751014,-1545994.7971501437,-2986592.3319727425,event_04,static_open_loop
2027-03-11,-650246.1256064376,34152.60344861367,5227.87235038081,-689626.601405432,-3676218.9333781744,event_04,static_open_loop
2027-02-26,158462.97866656684,18567.021436237672,3667.8115070465597,136228.1457232826,136228.1457232826,event_04,forecast_error_risk
2027-03-01,65083.85719716379,19000.243298188365,4083.847487201161,41999.76641177427,178227.91213505686,event_04,forecast_error_risk
2027-03-02,-433071.56536199903,25849.36164247025,4444.929665956681,-463365.856670426,-285137.9445353691,event_04,forecast_error_risk
2027-03-03,-159615.65119666158,32074.311476766852,4889.079068791329,-196579.04174221976,-481716.9862775889,event_04,forecast_error_risk
2027-03-04,-742486.2727413165,42080.08727057367,5504.452632404442,-790070.8126442946,-1271787.7989218836,event_04,forecast_error_risk
2027-03-05,58634.31335909892,39399.904999482766,5363.501358150114,13870.907001466036,-1257916.8919204175,event_04,forecast_error_risk
2027-03-08,105057.75452485784,34320.96994193564,4968.752414448311,65768.03216847389,-1192148.8597519437,event_04,forecast_error_risk
2027-03-09,-218202.57218628365,29375.586508711276,4824.846361560531,-252403.00505655547,-1444551.864808499,event_04,forecast_error_risk
2027-03-10,-1507892.6959176545,29234.046467040585,5394.889953994395,-1542521.6323386896,-2987073.4971471885,event_04,forecast_error_risk
2027-03-11,-650246.1256064323,34451.69843607181,5298.2636027700055,-689996.0876452742,-3677069.5847924626,event_04,forecast_error_risk
2027-03-17,-3209.6582920023584,23732.628152337893,4237.506289473446,-31179.792733813694,-31179.792733813694,event_05,static_open_loop
2027-03-18,102310.94334885471,26242.171189541994,4582.722941164351,71486.04921814836,40306.25648433466,event_05,static_open_loop
2027-03-19,-52676.920315555115,36225.07928293466,5111.909767421221,-94013.90936591101,-53707.652881576345,event_05,static_open_loop
2027-03-22,-713450.3819092411,42026.8567820101,5933.343656501734,-761410.5823477529,-815118.2352293292,event_05,static_open_loop
2027-03-23,415424.2347223678,46825.683965219905,6126.303966171578,362472.2467909763,-452645.9884383529,event_05,static_open_loop
2027-03-24,698967.8403442008,46060.17523947248,6304.111906049986,646603.5531986783,193957.56476032542,event_05,static_open_loop
2027-03-25,-618814.0709743506,39082.737784461,5744.65099641217,-663641.4597552237,-469683.8949948983,event_05,static_open_loop
2027-03-26,215556.76952944827,25949.897214059132,4145.597307950406,185461.27500743873,-284222.61998745956,event_05,static_open_loop
2027-03-29,-370437.96609045536,26752.235830994454,4281.100704078943,-401471.30262552877,-685693.9226129884,event_05,static_open_loop
2027-03-30,-1464069.1303874084,17227.055331224376,3419.7890983418083,-1484715.9748169745,-2170409.8974299626,event_05,static_open_loop
2027-03-17,-2538.0345766787627,23396.3382120784,4204.265518724702,-30138.638307481866,-30138.638307481866,event_05,forecast_error_risk
2027-03-18,101687.8189727332,25885.785153642446,4549.947130085781,71252.08668900498,41113.448381523114,event_05,forecast_error_risk
2027-03-19,-51738.51731619495,35784.454634233654,5079.876761342643,-92602.84871177125,-51489.400330248136,event_05,forecast_error_risk
2027-03-22,-710983.3007664614,41741.01779130166,5911.125048461783,-758635.443606225,-810124.8439364731,event_05,forecast_error_risk
2027-03-23,419202.94593205914,46732.40202436073,6113.220127820494,366357.3237798779,-443767.5201565952,event_05,forecast_error_risk
2027-03-24,694552.7007084063,45991.354745961224,6292.945700290673,642268.4002621543,198500.88010555907,event_05,forecast_error_risk
2027-03-25,-613907.8938611324,39134.784049195114,5743.9463801562315,-658786.6242904838,-460285.7441849247,event_05,forecast_error_risk
2027-03-26,210692.2859626775,26002.831640324508,4164.2216961773765,180525.23262617562,-279760.5115587491,event_05,forecast_error_risk
2027-03-29,-378745.8624422476,26812.85388544715,4310.30107956716,-409869.01740726194,-689629.528966011,event_05,forecast_error_risk
2027-03-30,-1464069.1303874056,17568.74120476292,3493.4106464588895,-1485131.2822386273,-2174760.8112046383,event_05,forecast_error_risk
2027-04-05,-37127.12838406251,13706.553445787298,3062.2398184658105,-53895.92164831562,-53895.92164831562,event_06,static_open_loop
2027-04-06,135052.6956810261,16775.937392045373,3543.570785763592,114733.18750321714,60837.26585490152,event_06,static_open_loop
2027-04-07,-47335.91666522049,23848.106045494504,4082.756099686835,-75266.77881040183,-14429.512955500308,event_06,static_open_loop
2027-04-08,659885.0973982732,39808.41462375138,5714.536253403916,614362.1465211179,599932.6335656176,event_06,static_open_loop
2027-04-09,-932795.5169071532,45762.45422075748,5884.460089473854,-984442.4312173845,-384509.7976517669,event_06,static_open_loop
2027-04-12,111828.31239339501,41751.994791087534,6076.572007192913,63999.74559511457,-320510.0520566524,event_06,static_open_loop
2027-04-13,-1619136.6488818207,37984.66266150438,5253.312513058254,-1662374.6240563835,-1982884.676113036,event_06,static_open_loop
2027-04-14,404323.48981876706,31103.66344071933,4946.7242371546445,368273.1021408931,-1614611.5739721428,event_06,static_open_loop
2027-04-15,23341.32220830649,23710.922178489895,3715.5525100740992,-4085.1524802575036,-1618696.7264524002,event_06,static_open_loop
2027-04-16,2246726.1636296846,44384.32919248489,6473.905652099652,2195867.9287851,577171.2023326999,event_06,static_open_loop
2027-04-05,-37144.268989551645,13588.950797083748,3048.539302404303,-53781.7590890397,-53781.7590890397,event_06,forecast_error_risk
2027-04-06,133999.94518939854,16687.489454737886,3533.584050041985,113778.87168461866,59997.11259557896,event_06,forecast_error_risk
2027-04-07,-47575.94365848926,23796.10291827008,4077.7272990374,-75449.77387579675,-15452.661280217784,event_06,forecast_error_risk
2027-04-08,655435.9808363949,39764.2975187763,5709.933798017492,609961.7495196012,594509.0882393834,event_06,forecast_error_risk
2027-04-09,-930327.3333095551,45606.52401990749,5868.877931503422,-981802.735260966,-387293.6470215826,event_06,forecast_error_risk
2027-04-12,109458.78166595394,41544.58608770599,6057.850368597588,61856.34520965036,-325437.30181193224,event_06,forecast_error_risk
2027-04-13,-1584821.6538459177,37815.13136156922,5237.317758156169,-1627874.1029656432,-1953311.4047775753,event_06,forecast_error_risk
2027-04-14,403488.32832367934,31076.486213828975,4942.7631284327035,367469.0789814177,-1585842.3257961576,event_06,forecast_error_risk
2027-04-15,21061.96039384313,23734.98145987794,3725.1055262592104,-6398.126592294024,-1592240.4523884517,event_06,forecast_error_risk
2027-04-16,2246726.1636296823,44767.18438652212,6543.3483234707655,2195415.6309196893,603175.1785312376,event_06,forecast_error_risk
2027-04-22,-48573.36091993687,12855.132569657868,3108.63859261851,-64537.13208221325,-64537.13208221325,event_07,static_open_loop
2027-04-23,-27886.564061745015,16724.463087803,3433.923853318074,-48044.95100286609,-112582.08308507933,event_07,static_open_loop
2027-04-26,-280570.5341497619,24868.01377162917,4150.2578647913815,-309588.80578618246,-422170.8888712618,event_07,static_open_loop
2027-04-27,-1122380.5276401758,37896.86227082974,5588.614395457497,-1165866.004306463,-1588036.893177725,event_07,static_open_loop
2027-04-28,216304.78680446872,45540.55156256082,5962.857056271327,164801.3781856366,-1423235.5149920883,event_07,static_open_loop
2027-04-29,569314.7383773571,39277.48464620659,5674.5151695018485,524362.7385616486,-898872.7764304397,event_07,static_open_loop
2027-04-30,616552.1054084698,33146.51230442807,5444.12209137982,577961.4710126619,-320911.30541777774,event_07,static_open_loop
2027-05-03,-58663.951482150005,32838.533473999305,5194.9879020668,-96697.4728582161,-417608.7782759938,event_07,static_open_loop
2027-05-04,-208120.59524039875,30403.60905117665,4261.756803321947,-242785.96109489733,-660394.7393708911,event_07,static_open_loop
2027-05-05,980783.4635226257,45032.085975087364,5949.996502336956,929801.3810452014,269406.6416743103,event_07,static_open_loop
2027-04-22,-48157.60372230142,12751.812541505413,3095.238329531181,-64004.65459333802,-64004.65459333802,event_07,forecast_error_risk
2027-04-23,-27320.989626581282,16649.15559817668,3425.5658028241805,-47395.71102758214,-111400.36562092016,event_07,forecast_error_risk
2027-04-26,-279325.5939188794,24834.695423669516,4145.388477488178,-308305.6778200371,-419706.04344095726,event_07,forecast_error_risk
2027-04-27,-1120479.4787998053,37894.068795796375,5585.168800789968,-1163958.7163963916,-1583664.759837349,event_07,forecast_error_risk
2027-04-28,212745.66810583728,45394.22709484533,5949.948733509253,161401.4922774827,-1422263.2675598662,event_07,forecast_error_risk
2027-04-29,574475.9903246432,39149.274782540444,5659.9895330198015,529666.726009083,-892596.5415507832,event_07,forecast_error_risk
2027-04-30,614520.1532770466,33072.1253420945,5434.7919079666135,576013.2360269856,-316583.30552379764,event_07,forecast_error_risk
2027-05-03,-58425.41675764044,32895.32679313159,5204.260398664473,-96525.0039494365,-413108.3094732341,event_07,forecast_error_risk
2027-05-04,-208510.90436192602,30692.30657926865,4305.907792401143,-243509.11873359582,-656617.4282068299,event_07,forecast_error_risk
2027-05-05,980783.4635226339,45169.67331605329,5957.647131084341,929656.1430754963,273038.7148686664,event_07,forecast_error_risk
2027-05-11,-1331.0423790112175,13732.923163738535,3119.828350218204,-18183.79389296796,-18183.79389296796,event_08,static_open_loop
2027-05-12,133197.79807603537,16528.718017772193,3492.5980884041787,113176.481969859,94992.68807689103,event_08,static_open_loop
2027-05-13,139190.62359647785,25485.98398707765,3965.9721334754345,109738.66747592477,204731.3555528158,event_08,static_open_loop
2027-05-14,-299612.50704889157,42978.09139587878,5510.098868186897,-348100.6973129572,-143369.3417601414,event_08,static_open_loop
2027-05-17,-436626.55477321905,46313.22404485911,6233.974004428093,-489173.75282250624,-632543.0945826477,event_08,static_open_loop
2027-05-18,1235609.7116925826,45352.54847191689,6181.795566163963,1184075.3676545017,551532.273071854,event_08,static_open_loop
2027-05-19,-4054307.018923875,39567.54647809745,5491.692631841903,-4099366.2580338144,-3547833.9849619605,event_08,static_open_loop
2027-05-20,998004.2738147471,35027.07529997436,5476.698111478421,957500.5004032942,-2590333.484558666,event_08,static_open_loop
2027-05-21,1885564.9161658303,21526.215994689686,3270.9087748448605,1860767.791396296,-729565.6931623702,event_08,static_open_loop
2027-05-24,2108228.704250506,37233.68307977655,6047.745016254609,2064947.2761544748,1335381.5829921046,event_08,static_open_loop
2027-05-11,-1460.3840782795608,13624.034220736086,3106.770296553028,-18191.188595568674,-18191.188595568674,event_08,forecast_error_risk
2027-05-12,133010.84278495467,16456.92470654314,3484.2548276616794,113069.66325074986,94878.47465518118,event_08,forecast_error_risk
2027-05-13,139707.23323487712,25458.56575767845,3962.6473463174493,110286.02013088122,205164.4947860624,event_08,forecast_error_risk
2027-05-14,-300612.07163752284,42987.42844841325,5507.76824121846,-349107.26832715457,-143942.77354109217,event_08,forecast_error_risk
2027-05-17,-430700.0799442904,46195.91265397122,6222.903064374719,-483118.8956626363,-627061.6692037284,event_08,forecast_error_risk
2027-05-18,1228491.0644753443,45226.52255107868,6171.458315110572,1177093.0836091551,550031.4144054267,event_08,forecast_error_risk
2027-05-19,-4068212.03199831,39552.35801865318,5489.380176494645,-4113253.7701934576,-3563222.3557880307,event_08,forecast_error_risk
2027-05-20,996146.1811469592,35264.095257809124,5489.518350494546,955392.5675386555,-2607829.7882493753,event_08,forecast_error_risk
2027-05-21,1889270.2945482284,21479.611959585982,3258.344418408562,1864532.3381702339,-743297.4500791414,event_08,forecast_error_risk
2027-05-24,2108228.7042505066,37635.97712002386,6093.564216639845,2064499.1629138428,1321201.7128347014,event_08,forecast_error_risk
2027-05-28,8305.017990145738,21410.004764282166,4091.8258944812346,-17196.812668617662,-17196.812668617662,event_09,static_open_loop
2027-05-31,-9270.840828337525,23692.44353247585,4435.77891730336,-37399.06327811673,-54595.87594673439,event_09,static_open_loop
2027-06-01,107494.92194400902,29530.593068151764,5117.569241140492,72846.75963471677,18250.88368798238,event_09,static_open_loop
2027-06-02,250478.78510671732,36515.84842637974,5808.46687393818,208154.4698063994,226405.35349438176,event_09,static_open_loop
2027-06-03,1693700.6610439825,47987.32461587249,6207.809540837732,1639505.5268872723,1865910.880381654,event_09,static_open_loop
2027-06-04,1418913.6406200323,48703.60656576628,6349.577313704938,1363860.4567405612,3229771.337122215,event_09,static_open_loop
2027-06-07,750774.6696114099,33395.892548796386,5690.670753886011,711688.1063087275,3941459.4434309425,event_09,static_open_loop
2027-06-08,1578611.4560653425,29880.749085362917,4143.788353345589,1544586.918626634,5486046.362057576,event_09,static_open_loop
2027-06-09,4725665.867992378,25042.811247014135,3417.0696626190934,4697205.987082744,10183252.34914032,event_09,static_open_loop
2027-06-10,1880686.183216714,20351.92474495135,3779.1642548095638,1856555.0942169533,12039807.443357274,event_09,static_open_loop
2027-05-28,8153.296772509663,21232.2844142801,4070.7738276860164,-17149.761469456455,-17149.761469456455,event_09,forecast_error_risk
2027-05-31,-8417.638695384181,23509.42473513485,4415.497655371967,-36342.561085891,-53492.322555347455,event_09,forecast_error_risk
2027-06-01,107118.87174398675,29328.532605862456,5097.5797001814135,72692.75943794288,19200.436882595423,event_09,forecast_error_risk
2027-06-02,249423.91563659595,36300.55274756242,5786.0633952234675,207337.29949381007,226537.7363764055,event_09,forecast_error_risk
2027-06-03,1685599.1000213334,47763.162875631126,6188.362510642377,1631647.57463506,1858185.3110114655,event_09,forecast_error_risk
2027-06-04,1414339.6634499775,48658.754765328544,6342.567860244914,1359338.340824404,3217523.6518358695,event_09,forecast_error_risk
2027-06-07,751290.8128375502,33495.684334727775,5702.057278326125,712093.0712244962,3929616.7230603658,event_09,forecast_error_risk
2027-06-08,1574686.5293921398,29938.911485262983,4162.136669157572,1540585.4812377193,5470202.204298085,event_09,forecast_error_risk
2027-06-09,4726300.156181709,25090.659787520206,3422.3856271373224,4697787.110767052,10167989.315065136,event_09,forecast_error_risk
2027-06-10,1880686.1832167334,20903.025300879068,3840.094247206209,1855943.0636686482,12023932.378733784,event_09,forecast_error_risk
2027-06-16,-107612.15966436153,20466.540972849958,4221.11305970604,-132299.81369691755,-132299.81369691755,event_10,static_open_loop
2027-06-17,-75748.09088715253,23969.458018451955,4441.687663324994,-104159.23656892948,-236459.05026584704,event_10,static_open_loop
2027-06-18,657977.7814143145,32574.580040370176,5127.608665319154,620275.5927086251,383816.5424427781,event_10,static_open_loop
2027-06-21,76670.41968204788,36946.80989881168,5674.86309538688,34048.74668784932,417865.28913062747,event_10,static_open_loop
2027-06-22,-158957.50248143286,48175.90251692696,6952.244879536386,-214085.6498778962,203779.63925273126,event_10,static_open_loop
2027-06-23,-1560336.0374345966,46091.24603685748,6307.208201131455,-1612734.4916725855,-1408954.8524198541,event_10,static_open_loop
2027-06-24,2081766.5982427245,35436.847028872,5707.11616008406,2040622.6350537685,631667.7826339144,event_10,static_open_loop
2027-06-25,-2512896.7746731527,29056.234325687015,4681.930393445051,-2546634.9393922845,-1914967.15675837,event_10,static_open_loop
2027-06-28,-549067.9096165386,20835.873011898424,3529.6216103792076,-573433.4042388162,-2488400.560997186,event_10,static_open_loop
2027-06-29,733173.1914217203,17549.704984780034,3133.522758928283,712489.963678012,-1775910.597319174,event_10,static_open_loop
2027-06-16,-107686.8267119222,20213.281151075807,4194.263508308788,-132094.3713713068,-132094.3713713068,event_10,forecast_error_risk
2027-06-17,-74975.95770744482,23685.176751032206,4414.381075016944,-103075.51553349398,-235169.88690480078,event_10,forecast_error_risk
2027-06-18,653843.8064959918,32236.79523259172,5099.07252518344,616507.9387382166,381338.05183341587,event_10,forecast_error_risk
2027-06-21,77286.65385252004,36595.77505703193,5643.428487355921,35047.45030813219,416385.5021415481,event_10,forecast_error_risk
2027-06-22,-158072.70685248842,47882.026363031175,6928.271850861019,-212883.00506638063,203502.49707516746,event_10,forecast_error_risk
2027-06-23,-1555924.4160857163,46053.99149737243,6300.123688298848,-1608278.5312713876,-1404776.03419622,event_10,forecast_error_risk
2027-06-24,2073878.3830508674,35504.04131105734,5713.254438224188,2032661.0873015858,627885.0531053657,event_10,forecast_error_risk
2027-06-25,-2502492.06081553,29168.316000191586,4713.151177387681,-2536373.527993109,-1908488.4748877434,event_10,forecast_error_risk
2027-06-28,-548730.4600697824,20934.59525906331,3552.978968376584,-573218.0342972223,-2481706.509184966,event_10,forecast_error_risk
2027-06-29,733173.191421678,18200.96638148849,3198.9719465949884,711773.2530935946,-1769933.2560913712,event_10,forecast_error_risk
2027-07-05,-29243.86796694453,23613.792131606755,4250.330009013082,-57107.990107564365,-57107.990107564365,event_11,static_open_loop
2027-07-06,-91852.05448493687,23273.306979829147,4809.187650780803,-119934.54911554683,-177042.5392231112,event_11,static_open_loop
2027-07-07,230150.07251379767,30247.041446789503,5235.773309934632,194667.25775707353,17624.718533962325,event_11,static_open_loop
2027-07-08,-536077.6427664878,38421.27139872124,6247.102160437711,-580746.0163256468,-563121.2977916845,event_11,static_open_loop
2027-07-09,128174.11020450684,44642.89709203886,6845.906316919471,76685.30679554852,-486435.990996136,event_11,static_open_loop
2027-07-12,162719.53419906402,47964.369180510264,6444.197299869357,108310.9677186844,-378125.0232774516,event_11,static_open_loop
2027-07-13,1021505.585079064,32563.82017282985,5077.693113871851,983864.0717923623,605739.0485149107,event_11,static_open_loop
2027-07-14,1470238.724451961,28533.89215651851,4233.814130492894,1437471.0181649495,2043210.0666798602,event_11,static_open_loop
2027-07-15,-625760.4148743494,24989.908967519783,3339.039727861701,-654089.3635697308,1389120.7031101296,event_11,static_open_loop
2027-07-16,-33099.527051170386,18856.528003637854,3185.63187981958,-55141.68693462782,1333979.0161755017,event_11,static_open_loop
2027-07-05,-28507.24048809349,23425.58001006909,4231.251298440123,-56164.0717966027,-56164.0717966027,event_11,forecast_error_risk
2027-07-06,-91670.73352344529,23120.03935022246,4790.919176278562,-119581.69204994632,-175745.76384654903,event_11,forecast_error_risk
2027-07-07,228980.1325470419,30072.977650092864,5218.902557191492,193688.25233975754,17942.48849320851,event_11,forecast_error_risk
2027-07-08,-532864.9252246473,38236.013277192884,6231.286457630399,-577332.2249594706,-559389.736466262,event_11,forecast_error_risk
2027-07-09,126175.96274757967,44471.92454727299,6832.4235068429525,74871.61469346372,-484518.1217727983,event_11,forecast_error_risk
2027-07-12,164236.02328484086,47931.42496854825,6441.413956735336,109863.18435955727,-374654.937413241,event_11,forecast_error_risk
2027-07-13,1021592.5215311284,32599.806701312227,5086.47126119634,983906.24356862,609251.3061553789,event_11,forecast_error_risk
2027-07-14,1469347.7196369912,28593.52523593134,4259.9012013014235,1436494.2931997583,2045745.5993551372,event_11,forecast_error_risk
2027-07-15,-623794.9423022135,25033.52794686347,3361.1858095810653,-652189.656058658,1393555.943296479,event_11,forecast_error_risk
2027-07-16,-33099.527051211044,19067.105758762584,3205.7325656172407,-55372.36537559087,1338183.577920888,event_11,forecast_error_risk
2027-07-22,-30597.098489787673,22214.25271301018,4165.064296911911,-56976.415499709765,-56976.415499709765,event_12,static_open_loop
2027-07-23,711850.2277976632,25837.984518009078,4400.683862418222,681611.5594172359,624635.1439175261,event_12,static_open_loop
2027-07-26,188863.4640028459,28603.41712818368,5233.952836116883,155026.09403854533,779661.2379560715,event_12,static_open_loop
2027-07-27,-888996.8228079191,34468.297745705924,5761.782897849838,-929226.9034514748,-149565.66549540334,event_12,static_open_loop
2027-07-28,-131478.898924159,43524.469777566985,6467.640886386425,-181471.0095881124,-331036.67508351576,event_12,static_open_loop
2027-07-29,-3480324.0827996144,44614.18492552103,6353.95364624419,-3531292.2213713797,-3862328.8964548954,event_12,static_open_loop
2027-07-30,-939176.8786090165,36468.51983430648,5987.08801207412,-981632.4864553971,-4843961.382910293,event_12,static_open_loop
2027-08-02,-946285.2349110253,26743.37336596499,4587.702927201128,-977616.3112041914,-5821577.694114484,event_12,static_open_loop
2027-08-03,-460310.63694471575,25092.65545267222,4286.520723676651,-489689.8131210646,-6311267.507235548,event_12,static_open_loop
2027-08-04,-2246731.0456564333,19155.96456061308,3342.078021348217,-2269229.0882383944,-8580496.595473943,event_12,static_open_loop
2027-07-22,-30817.1660739959,22056.143639553287,4146.716544545153,-57020.02625809434,-57020.02625809434,event_12,forecast_error_risk
2027-07-23,709282.1002827927,25682.048467133194,4383.001961423309,679217.0498542362,622197.0235961418,event_12,forecast_error_risk
2027-07-26,189205.28002883855,28460.541488954106,5215.8168477150375,155528.92169216942,777725.9452883112,event_12,forecast_error_risk
2027-07-27,-888797.8211511432,34324.484904300814,5745.602294553195,-928867.9083499971,-151141.9630616859,event_12,forecast_error_risk
2027-07-28,-131767.1996974728,43389.646226782,6453.188078127124,-181610.03400238193,-332751.99706406787,event_12,forecast_error_risk
2027-07-29,-3472136.4503193186,44594.04014440535,6347.314935934818,-3523077.8053996586,-3855829.8024637266,event_12,forecast_error_risk
2027-07-30,-938356.1188407589,36492.01489551483,5990.636482923544,-980838.7702191973,-4836668.572682924,event_12,forecast_error_risk
2027-08-02,-943787.6763183764,26852.44348704096,4614.6330495744205,-975254.7528549918,-5811923.325537915,event_12,forecast_error_risk
2027-08-03,-459225.88498766965,25184.36287419018,4318.963366479158,-488729.211228339,-6300652.536766254,event_12,forecast_error_risk
2027-08-04,-2246731.045656425,19325.47665002098,3361.7664610679153,-2269418.288767514,-8570070.825533768,event_12,forecast_error_risk
2027-08-10,-326795.3713345512,18305.078057356055,3528.253751679359,-348628.70314358664,-348628.70314358664,event_13,static_open_loop
2027-08-11,15650.585368797218,19787.901756656047,3841.4042859643278,-7978.720673823157,-356607.4238174098,event_13,static_open_loop
2027-08-12,565037.6162721758,24326.712023601664,4240.05777250297,536470.8464760712,179863.42265866138,event_13,static_open_loop
2027-08-13,-42814.2157242696,32048.780133630375,4955.272591904552,-79818.26844980453,100045.15420885685,event_13,static_open_loop
2027-08-16,-676949.7974449034,40689.99854576515,5588.799597976502,-723228.5955886451,-623183.4413797882,event_13,static_open_loop
2027-08-17,-1466801.8818486324,40269.81952743675,5630.158994781173,-1512701.8603708502,-2135885.3017506385,event_13,static_open_loop
2027-08-18,-643492.1673591213,37045.01644198829,5427.384598379298,-685964.5683994888,-2821849.8701501274,event_13,static_open_loop
2027-08-19,-146021.80084100043,36749.36079950115,5641.953590323929,-188413.1152308255,-3010262.985380953,event_13,static_open_loop
2027-08-20,517223.9970148303,29294.690284744294,5035.709272342208,482893.5974577438,-2527369.3879232095,event_13,static_open_loop
2027-08-23,-327273.79474298254,27019.188074131504,4772.866111413607,-359065.8489285277,-2886435.236851737,event_13,static_open_loop
2027-08-10,-325491.16603036365,18209.838969263452,3517.942335171027,-347218.94733479817,-347218.94733479817,event_13,forecast_error_risk
2027-08-11,14520.038908302353,19708.225535775535,3832.402646641283,-9020.589274114465,-356239.53660891263,event_13,forecast_error_risk
2027-08-12,564861.7024674885,24260.81225282851,4233.573056168141,536367.3171584918,180127.78054957918,event_13,forecast_error_risk
2027-08-13,-44562.34127670125,32009.026050708544,4949.566643502693,-81520.93397091249,98606.8465786667,event_13,forecast_error_risk
2027-08-16,-681548.0855226158,40604.42436560495,5579.187948384323,-727731.6978366051,-629124.8512579384,event_13,forecast_error_risk
2027-08-17,-1475620.9454243544,40161.58402645792,5615.168638507863,-1521397.6980893202,-2150522.5493472586,event_13,forecast_error_risk
2027-08-18,-642922.6205622938,36973.55679767116,5416.422734697322,-685312.6000946623,-2835835.149441921,event_13,forecast_error_risk
2027-08-19,-146029.12305184756,36668.379107366905,5622.825970738205,-188320.32812995266,-3024155.477571874,event_13,forecast_error_risk
2027-08-20,517725.53046663606,29403.630308892014,5058.736543584688,483263.1636141594,-2540892.3139577145,event_13,forecast_error_risk
2027-08-23,-327273.79474298435,27257.85180326171,4826.513258686526,-359358.1598049326,-2900250.4737626472,event_13,forecast_error_risk
2027-08-27,-212514.60457136686,24579.44850954535,4586.303042375399,-241680.3561232876,-241680.3561232876,event_14,static_open_loop
2027-08-30,271340.0962921294,24970.72575662622,4696.90236653136,241672.46816897183,-7.887954315781826,event_14,static_open_loop
2027-08-31,-161145.8526498514,30249.16966943257,5041.296502762086,-196436.31882204607,-196444.20677636185,event_14,static_open_loop
2027-09-01,360649.6435493806,37911.77286126347,5841.451118320202,316896.4195697969,120452.21279343503,event_14,static_open_loop
2027-09-02,525490.4437338552,41753.58755418261,6075.853109927144,477661.0030697454,598113.2158631803,event_14,static_open_loop
2027-09-03,233618.33979733533,48113.99366178413,6178.129664771047,179326.21647078014,777439.4323339604,event_14,static_open_loop
2027-09-06,-588517.2460119693,37201.66083896607,6132.093181517415,-631851.0000324528,145588.43230150768,event_14,static_open_loop
2027-09-07,655209.7699059574,29531.63042215768,4755.277584038827,620922.8618997609,766511.2942012686,event_14,static_open_loop
2027-09-08,7611760.807462469,24093.4303357501,3132.2123679900565,7584535.164758729,8351046.458959998,event_14,static_open_loop
2027-09-09,2548484.287374664,18102.394145767692,3042.983192579478,2527338.910036317,10878385.368996315,event_14,static_open_loop
2027-08-27,-211055.26402794887,24441.132046250437,4570.41857661159,-240066.81465081088,-240066.81465081088,event_14,forecast_error_risk
2027-08-30,271160.50597673067,24839.285386140265,4682.013293507975,241639.20729708244,1572.3926462715608,event_14,forecast_error_risk
2027-08-31,-160811.17892778452,30120.338404239137,5027.088312846517,-195958.60564487017,-194386.2129985986,event_14,forecast_error_risk
2027-09-01,357953.54353272804,37770.125244867624,5827.720740985403,314355.697546875,119969.48454827638,event_14,forecast_error_risk
2027-09-02,523785.86521522567,41657.46052050084,6066.010119092333,476062.39457563247,596031.8791239088,event_14,forecast_error_risk
2027-09-03,237091.67279973667,48098.02065236122,6175.038281856679,182818.61386551877,778850.4929894276,event_14,forecast_error_risk
2027-09-06,-586284.8434972855,37269.89135162813,6140.617275647965,-629695.3521245616,149155.1408648661,event_14,forecast_error_risk
2027-09-07,654865.9155167394,29641.738074349803,4784.32298826252,620439.854454127,769594.9953189931,event_14,forecast_error_risk
2027-09-08,7603619.996584483,24139.128950099297,3141.502327691813,7576339.365306692,8345934.360625685,event_14,forecast_error_risk
2027-09-09,2548484.2873746725,18260.64358194547,3058.2801037271347,2527165.363689,10873099.724314686,event_14,forecast_error_risk
2027-09-15,-106150.33491099319,18559.40101375681,3555.681314361547,-128265.41723911154,-128265.41723911154,event_15,static_open_loop
2027-09-16,-125842.04990583369,21886.092481058196,4023.4881403313243,-151751.6305272232,-280017.0477663347,event_15,static_open_loop
2027-09-17,-135795.27149726087,25495.501848920758,4485.427756136019,-165776.20110231763,-445793.2488686524,event_15,static_open_loop
2027-09-20,101773.62506007838,35000.00727734563,5670.999763719051,61102.61801901371,-384690.63084963866,event_15,static_open_loop
2027-09-21,-597134.6331674648,43611.01545796394,6136.519046410526,-646882.1676718392,-1031572.798521478,event_15,static_open_loop
2027-09-22,-1326566.6258805385,41477.38483381367,6151.082437172275,-1374195.0931515244,-2405767.8916730024,event_15,static_open_loop
2027-09-23,1335715.281814486,40193.88953075443,6002.150436697815,1289519.2418470338,-1116248.6498259685,event_15,static_open_loop
2027-09-24,-1318126.08244768,29774.74756968008,4915.830153227386,-1352816.6601705872,-2469065.3099965556,event_15,static_open_loop
2027-09-27,-255707.00702334484,25432.30927357123,4632.3528993253885,-285771.6691962414,-2754836.979192797,event_15,static_open_loop
2027-09-28,-1543695.7156485952,24681.788426055267,4248.862808440264,-1572626.366883091,-4327463.346075888,event_15,static_open_loop
2027-09-15,-105450.33548478516,18447.70332715185,3541.659629095376,-127439.69844103238,-127439.69844103238,event_15,forecast_error_risk
2027-09-16,-124752.84025917632,21789.639197614106,4011.761246396607,-150554.24070318704,-277993.9391442194,event_15,forecast_error_risk
2027-09-17,-134687.8207129194,25412.477809598986,4475.340063114893,-164575.63858563328,-442569.57772985264,event_15,forecast_error_risk
2027-09-20,101033.11304692604,34940.027130524606,5662.814560405739,60430.271355995705,-382139.30637385696,event_15,forecast_error_risk
2027-09-21,-596234.1473526707,43530.01784945882,6122.4147091731575,-645886.5799113027,-1028025.8862851596,event_15,forecast_error_risk
2027-09-22,-1326847.5939223242,41399.251787434194,6133.889037718244,-1374380.7347474766,-2402406.621032636,event_15,forecast_error_risk
2027-09-23,1336456.478813551,40198.86305786203,5995.631607823385,1290261.9841478656,-1112144.6368847706,event_15,forecast_error_risk
2027-09-24,-1318294.6220455416,29895.11459634898,4937.205812388622,-1353126.9424542792,-2465271.5793390498,event_15,forecast_error_risk
2027-09-27,-257310.23207838606,25558.158396098785,4656.620391161566,-287525.0108656464,-2752796.590204696,event_15,forecast_error_risk
2027-09-28,-1543695.7156485845,24859.64690401542,4276.441250829042,-1572831.803803429,-4325628.394008125,event_15,forecast_error_risk
2027-10-04,175441.99703096575,18181.630899949934,3525.6800230475587,153734.68610796827,153734.68610796827,event_16,static_open_loop
2027-10-05,16366.663017309886,20503.63528995988,3832.482692923044,-7969.454965573037,145765.23114239523,event_16,static_open_loop
2027-10-06,261764.3987033037,26679.881998868474,4313.457224643723,230771.0594797915,376536.29062218673,event_16,static_open_loop
2027-10-07,-496485.1025648983,33830.25785901476,5426.185738055715,-535741.5461619688,-159205.2555397821,event_16,static_open_loop
2027-10-08,-409587.2009980121,44966.98388476729,6406.114405433117,-460960.2992882125,-620165.5548279947,event_16,static_open_loop
2027-10-11,1734768.2485155207,39948.149010467416,6153.07252884929,1688667.026976204,1068501.4721482093,event_16,static_open_loop
2027-10-12,78086.35380730534,32980.03871541376,5785.962554194346,39320.35253769723,1107821.8246859065,event_16,static_open_loop
2027-10-13,-324728.02151681925,34205.29359130822,5586.296446236023,-364519.6115543635,743302.213131543,event_16,static_open_loop
2027-10-14,-195067.1303588098,26593.693092031997,4838.786043348966,-226499.60949419075,516802.60363735224,event_16,static_open_loop
2027-10-15,-15338.866795202906,23945.687842645257,4078.171736638696,-43362.72637448686,473439.87726286537,event_16,static_open_loop
2027-10-04,174902.39705521328,18062.984977189142,3510.6776380757483,153328.7344399484,153328.7344399484,event_16,forecast_error_risk
2027-10-05,16594.849739806956,20403.161075387634,3820.1604507302577,-7628.471786310936,145700.26265363747,event_16,forecast_error_risk
2027-10-06,262293.07028803835,26591.50154508357,4303.407866462559,231398.1608764922,377098.4235301297,event_16,forecast_error_risk
2027-10-07,-496515.35460313526,33774.92844766532,5417.711013837527,-535707.994064638,-158609.57053450833,event_16,forecast_error_risk
2027-10-08,-401476.6823174497,44843.29323144931,6392.49009267821,-452712.46564157726,-611322.0361760856,event_16,forecast_error_risk
2027-10-11,1728279.2912963682,39806.27625047176,6129.994247402551,1682343.0207984939,1071020.9846224082,event_16,forecast_error_risk
2027-10-12,80126.63513616662,32916.0858716239,5763.566518445145,41446.98274609757,1112467.9673685057,event_16,forecast_error_risk
2027-10-13,-335767.1195970796,34269.3726707942,5590.049909009906,-375626.54217688367,736841.425191622,event_16,forecast_error_risk
2027-10-14,-191861.9202248329,26681.5234597024,4866.20868491768,-223409.652369453,513431.772822169,event_16,forecast_error_risk
2027-10-15,-15338.866795201524,24148.025591063844,4140.229081853594,-43627.12146811896,469804.65135405003,event_16,forecast_error_risk
2027-10-21,-73182.09196243953,22570.61487018832,3936.707131661501,-99689.41396428936,-99689.41396428936,event_17,static_open_loop
2027-10-22,481920.56488387845,26651.41711382711,4455.371584045786,450813.77618600556,351124.3622217162,event_17,static_open_loop
2027-10-25,-360366.1182213209,29867.42638566396,4779.1036975327415,-395012.6483045176,-43888.28608280141,event_17,static_open_loop
2027-10-26,-900073.7154013952,36179.17464991264,5523.411145828451,-941776.3011971363,-985664.5872799377,event_17,static_open_loop
2027-10-27,-1003786.1892695529,47717.70145437168,6323.631769949825,-1057827.5224938744,-2043492.1097738121,event_17,static_open_loop
2027-10-28,-486915.38844918815,42880.343950727896,6454.797847615322,-536250.5302475314,-2579742.6400213437,event_17,static_open_loop
2027-10-29,768392.747056178,37468.858641192644,6311.212766382131,724612.6756486032,-1855129.9643727406,event_17,static_open_loop
2027-11-01,332109.31324132724,32294.15709734698,5249.281363826259,294565.87478015403,-1560564.0895925865,event_17,static_open_loop
2027-11-02,-680395.7532088822,28961.03743003592,4304.207292067422,-713660.9979309855,-2274225.087523572,event_17,static_open_loop
2027-11-03,655910.5163385922,15705.602874915598,2823.8859277453603,637381.0275359312,-1636844.059987641,event_17,static_open_loop
2027-10-21,-72606.97130141327,22436.621150767107,3921.1047143357255,-98964.69716651611,-98964.69716651611,event_17,forecast_error_risk
2027-10-22,480193.34181713196,26502.369167374618,4439.907261734106,449251.0653880232,350286.3682215071,event_17,forecast_error_risk
2027-10-25,-358381.3102648864,29728.85548613421,4765.494851990558,-392875.66060301114,-42589.29238150403,event_17,forecast_error_risk
2027-10-26,-893897.2748821144,36051.67190562753,5507.5785539941035,-935456.525341736,-978045.81772324,event_17,forecast_error_risk
2027-10-27,-1001658.6257930648,47695.74489608595,6315.934998503448,-1055670.3056876543,-2033716.1234108943,event_17,forecast_error_risk
2027-10-28,-484462.41277165135,42869.07859548485,6450.675690858225,-533782.1670579945,-2567498.290468889,event_17,forecast_error_risk
2027-10-29,763307.6216268335,37541.55262460032,6318.613220314653,719447.4557819185,-1848050.8346869703,event_17,forecast_error_risk
2027-11-01,330039.0559496483,32410.532297073452,5272.470027715122,292356.0536248597,-1555694.7810621106,event_17,forecast_error_risk
2027-11-02,-676751.097638699,29048.43043244596,4319.65757746782,-710119.1856486128,-2265813.9667107235,event_17,forecast_error_risk
2027-11-03,655910.5163386113,15807.200918912464,2845.866976966331,637257.4484427324,-1628556.518267991,event_17,forecast_error_risk
2027-11-09,42116.65897392228,22481.626322654953,4413.615888199975,15221.416763067355,15221.416763067355,event_18,static_open_loop
2027-11-10,30486.280081700366,26274.582573332165,4756.722994589441,-545.0254862212405,14676.391276846114,event_18,static_open_loop
2027-11-11,233128.6015645384,30699.424060167185,5198.375140224747,197230.80236414645,211907.19364099257,event_18,static_open_loop
2027-11-12,-614639.1612959385,40340.942336833206,6153.536779750227,-661133.640412522,-449226.44677152944,event_18,static_open_loop
2027-11-15,1201434.1513813762,45441.05902448119,6312.765562925892,1149680.3267939691,700453.8800224396,event_18,static_open_loop
2027-11-16,-1793752.1058986986,50017.0209140697,6699.998561556842,-1850469.125374325,-1150015.2453518854,event_18,static_open_loop
2027-11-17,1171959.5123850778,35746.160828080974,5981.871945505634,1130231.479611491,-19783.76574039436,event_18,static_open_loop
2027-11-18,1034056.7017247184,26436.06781875226,3988.2673203290115,1003632.3665856372,983848.6008452429,event_18,static_open_loop
2027-11-19,-2700736.434781936,22807.612546243625,3342.5956639896276,-2726886.642992169,-1743038.0421469263,event_18,static_open_loop
2027-11-22,1371795.0583553135,16995.088863184093,2548.9549089934344,1352251.0145831362,-390787.0275637901,event_18,static_open_loop
2027-11-09,42086.2455274158,22240.933359994004,4385.410808329361,15459.901359092433,15459.901359092433,event_18,forecast_error_risk
2027-11-10,30186.43337413099,26020.886833935205,4731.415809053452,-565.8692688576675,14894.032090234767,event_18,forecast_error_risk
2027-11-11,230672.3498629044,30442.5124821599,5173.610691190788,195056.22668955373,209950.2587797885,event_18,forecast_error_risk
2027-11-12,-609893.9673491082,40037.394678461285,6128.44293296219,-656059.8049605316,-446109.54618074314,event_18,forecast_error_risk
2027-11-15,1195393.9807800723,45379.878034888134,6304.349364465312,1143709.7533807189,697600.2071999757,event_18,forecast_error_risk
2027-11-16,-1788867.0348636294,50047.672281922874,6700.53013947416,-1845615.2372850263,-1148015.0300850505,event_18,forecast_error_risk
2027-11-17,1166751.4646521339,35868.59239191565,6002.660092260623,1124880.2121679576,-23134.817917092936,event_18,forecast_error_risk
2027-11-18,1027767.6631470558,26488.251545773834,4015.3140564260752,997264.0975448559,974129.279627763,event_18,forecast_error_risk
2027-11-19,-2704174.185835111,22977.442476839038,3376.1950401365734,-2730527.8233520864,-1756398.5437243234,event_18,forecast_error_risk
2027-11-22,1371795.0583553116,17124.26183539365,2566.293916252476,1352104.5026036655,-404294.04112065793,event_18,forecast_error_risk
2027-11-26,-172765.94649078566,24794.259396735884,4348.175131730339,-201908.3810192519,-201908.3810192519,event_19,static_open_loop
2027-11-29,191389.94684434205,26592.60390964832,4735.476192825158,160061.86674186858,-41846.51427738331,event_19,static_open_loop
2027-11-30,-34797.16568316298,30020.318214622006,5056.34618463919,-69873.83008242417,-111720.34435980748,event_19,static_open_loop
2027-12-01,1531872.4295783737,35479.59296715228,5561.274240569117,1490831.562370652,1379111.2180108447,event_19,static_open_loop
2027-12-02,27344.33680929364,39791.04493213144,5707.961087315317,-18154.669210153115,1360956.5488006915,event_19,static_open_loop
2027-12-03,-82738.35986637603,40570.167579160516,6182.134374044203,-129490.66181958074,1231465.8869811108,event_19,static_open_loop
2027-12-06,12003.374055691045,36039.872988895775,5894.258398847209,-29930.757332051937,1201535.129649059,event_19,static_open_loop
2027-12-07,543917.3517400246,27051.916800289175,4882.415986296778,511983.0189534387,1713518.1486024975,event_19,static_open_loop
2027-12-08,2751244.2402402004,21745.18413867801,3881.2630391339126,2725617.7930623884,4439135.941664886,event_19,static_open_loop
2027-12-09,-161797.97790737852,21374.386141491967,3398.6613551194823,-186571.02540398997,4252564.916260895,event_19,static_open_loop
2027-11-26,-172613.90371785927,24685.873940600755,4334.489823168677,-201634.2674816287,-201634.2674816287,event_19,forecast_error_risk
2027-11-29,190764.68639063326,26492.380841552582,4721.451079266284,159550.8544698144,-42083.41301181429,event_19,forecast_error_risk
2027-11-30,-36068.704737550404,29921.49795580138,5043.83984263204,-71034.04253598381,-113117.4555477981,event_19,forecast_error_risk
2027-12-01,1527830.137771848,35382.99606557392,5549.106184819733,1486898.0355214542,1373780.579973656,event_19,forecast_error_risk
2027-12-02,25653.14690390971,39715.21512623937,5697.52566683131,-19759.59388916097,1354020.986084495,event_19,forecast_error_risk
2027-12-03,-81730.27346543488,40546.530828643365,6177.209559381331,-128454.01385345956,1225566.9722310354,event_19,forecast_error_risk
2027-12-06,13376.532745738528,36093.24561575013,5897.011194292687,-28613.72406430429,1196953.248166731,event_19,forecast_error_risk
2027-12-07,541265.8897009356,27209.03330472449,4907.368442442404,509149.4879537687,1706102.7361204997,event_19,forecast_error_risk
2027-12-08,2751228.733454939,21803.865463822858,3899.6908833516213,2725525.1771077644,4431627.913228264,event_19,forecast_error_risk
2027-12-09,-161797.97790739906,21431.497409746986,3415.154102803826,-186644.62941994987,4244983.283808314,event_19,forecast_error_risk
2027-12-15,85512.55660893585,13484.502333497338,3061.4679326260944,68966.58634281241,68966.58634281241,event_20,static_open_loop
2027-12-16,259406.54903417052,17456.24936876436,3391.1073801630446,238559.19228524313,307525.77862805553,event_20,static_open_loop
2027-12-17,-236982.37213489524,20996.263425748482,4058.283658884629,-262036.91921952835,45488.859408527176,event_20,static_open_loop
2027-12-20,-189795.4148476168,31020.56786529135,5142.565120205872,-225958.54783311402,-180469.68842458684,event_20,static_open_loop
2027-12-21,681028.2434664329,37891.21044975075,5108.626011916589,638028.4070047656,457558.71858017874,event_20,static_open_loop
2027-12-22,-330325.46375578246,34753.12513091201,5085.195819151811,-370163.7847058463,87394.93387433246,event_20,static_open_loop
2027-12-23,94984.38591492263,33815.47657570558,5152.22002836138,56016.689310855676,143411.62318518813,event_20,static_open_loop
2027-12-24,3883744.4123771386,33501.0911370119,5332.279872844367,3844911.041367282,3988322.66455247,event_20,static_open_loop
2027-12-27,-1012741.3708407861,35245.79222625422,5755.712760288577,-1053742.875827329,2934579.7887251414,event_20,static_open_loop
2027-12-28,2088709.5453578308,36889.42770476157,6643.078057122705,2045177.0395959467,4979756.828321088,event_20,static_open_loop
2027-12-15,85235.08786671085,13394.588488628347,3050.0741688867492,68790.42520919576,68790.42520919576,event_20,forecast_error_risk
2027-12-16,258462.3456613921,17372.793556936434,3382.019683386578,237707.53242106907,306497.9576302648,event_20,forecast_error_risk
2027-12-17,-237522.54431653454,20934.064514385558,4050.471209911946,-262507.08004083205,43990.877589432755,event_20,forecast_error_risk
2027-12-20,-191433.86415603088,30988.05295200423,5136.26422924922,-227558.1813372843,-183567.30374785155,event_20,forecast_error_risk
2027-12-21,680925.7718591115,37818.73089353538,5098.098166291219,638008.9427992848,454441.6390514333,event_20,forecast_error_risk
2027-12-22,-332630.3981587067,34644.836283697165,5070.266187568425,-372345.5006299723,82096.13842146099,event_20,forecast_error_risk
2027-12-23,95032.4469206797,33732.025759965494,5138.648792861893,56161.7723678523,138257.9107893133,event_20,forecast_error_risk
2027-12-24,3890959.4581543226,33467.091340134575,5317.752956233625,3852174.6138579547,3990432.524647268,event_20,forecast_error_risk
2027-12-27,-1010561.5181784304,35388.16017523085,5768.996299688132,-1051718.6746533494,2938713.8499939186,event_20,forecast_error_risk
2027-12-28,2088709.5453578297,37284.602065016,6705.518428616472,2044719.4248641971,4983433.274858115,event_20,forecast_error_risk
2028-01-03,-10366.485077801188,17192.06679492233,3487.7339273447233,-31046.28580006824,-31046.28580006824,event_21,static_open_loop
2028-01-04,-118590.87749370125,18802.6273727516,3829.937588874972,-141223.44245532784,-172269.72825539607,event_21,static_open_loop
2028-01-05,318244.3578205621,22641.889953833335,4380.672637209376,291221.7952295194,118952.06697412336,event_21,static_open_loop
2028-01-06,-139151.45426168013,35933.152242200726,5269.663367017115,-180354.269870898,-61402.20289677463,event_21,static_open_loop
2028-01-07,258539.18236226388,41622.59902591812,5824.342750673877,211092.24058567188,149690.03768889725,event_21,static_open_loop
2028-01-10,-2112020.657702884,41904.4108991832,5800.210267137894,-2159725.278869205,-2010035.241180308,event_21,static_open_loop
2028-01-11,1709711.840592197,38862.26940669266,5598.326154449739,1665251.2450310546,-344783.99614925333,event_21,static_open_loop
2028-01-12,683913.7168800671,30844.911201712734,5065.710691212266,648003.0949871421,303219.0988378888,event_21,static_open_loop
2028-01-13,929213.2062447169,30138.53828506537,5227.307779414095,893847.3601802374,1197066.4590181261,event_21,static_open_loop
2028-01-14,8347048.08093231,29747.141989964875,4848.925347411136,8312452.013594934,9509518.472613059,event_21,static_open_loop
2028-01-03,-10602.947897369437,17072.92667123622,3474.979097256764,-31150.85366586242,-31150.85366586242,event_21,forecast_error_risk
2028-01-04,-118135.60461121793,18709.885788187647,3819.970447936016,-140665.4608473416,-171816.31451320404,event_21,forecast_error_risk
2028-01-05,317620.8074860375,22577.403742322997,4373.528051500872,290669.87569221365,118853.56117900962,event_21,forecast_error_risk
2028-01-06,-139117.20333407266,35927.48856398928,5265.136035457404,-180309.82793351935,-61456.266754509736,event_21,forecast_error_risk
2028-01-07,258536.50109400193,41526.736285503226,5815.315219577947,211194.44958892075,149738.182834411,event_21,forecast_error_risk
2028-01-10,-2101736.053423233,41784.54759156016,5787.609086835998,-2149308.210101629,-1999570.027267218,event_21,forecast_error_risk
2028-01-11,1708801.1795253013,38783.996646063846,5583.079861793037,1664434.1030174445,-335135.9242497736,event_21,forecast_error_risk
2028-01-12,679449.3444268593,30840.73275405461,5064.4073877640585,643544.2042850406,308408.280035267,event_21,forecast_error_risk
2028-01-13,929954.8598127738,30395.76971590442,5272.307292757604,894286.7828041118,1202695.0628393788,event_21,forecast_error_risk
2028-01-14,8347048.080932334,29977.105191625196,4871.508110714074,8312199.467629994,9514894.530469373,event_21,forecast_error_risk
2028-01-20,116631.72723712526,25220.72197104406,4342.729942806549,87068.27532327466,87068.27532327466,event_22,static_open_loop
2028-01-21,-107015.51250377098,27254.21799239489,4545.653134419864,-138815.38363058574,-51747.10830731108,event_22,static_open_loop
2028-01-24,-124743.97965477203,29197.053514945113,5087.649699944269,-159028.68286966142,-210775.7911769725,event_22,static_open_loop
2028-01-25,323953.4061179687,38518.966323199864,5963.9643715520715,279470.4754232168,68694.68424624432,event_22,static_open_loop
2028-01-26,-143276.02502794203,39638.261410419545,6251.665138664022,-189165.95157702558,-120471.26733078127,event_22,static_open_loop
2028-01-27,-482515.8879369507,43005.11364344001,6317.456518872062,-531838.4580992628,-652309.7254300441,event_22,static_open_loop
2028-01-28,-209179.17417430613,39251.728695837555,6201.753939912696,-254632.65681005636,-906942.3822401005,event_22,static_open_loop
2028-01-31,1586514.0806351395,28651.143468770024,4044.649204325377,1553818.2879620441,646875.9057219436,event_22,static_open_loop
2028-02-01,617330.3956730787,21661.47350224489,3248.447725591078,592420.4744452427,1239296.3801671863,event_22,static_open_loop
2028-02-02,-469835.5584677239,15955.315246172315,2777.669794411122,-488568.5435083073,750727.836658879,event_22,static_open_loop
2028-01-20,116063.62897012624,24998.389241017845,4318.774080160903,86746.4656489475,86746.4656489475,event_22,forecast_error_risk
2028-01-21,-105391.54261071513,27053.030101260967,4523.781735209703,-136968.3544471858,-50221.88879823829,event_22,forecast_error_risk
2028-01-24,-126991.45329054541,29002.1390152583,5066.4277480038245,-161060.02005380753,-211281.90885204583,event_22,forecast_error_risk
2028-01-25,321222.8603560149,38316.55052376723,5941.450154693095,276964.8596775546,65682.95082550874,event_22,forecast_error_risk
2028-01-26,-141325.0901953025,39613.16882121018,6243.620308503267,-187181.87932501597,-121498.92849950722,event_22,forecast_error_risk
2028-01-27,-479827.85358364385,43014.55551289666,6315.995854220664,-529158.4049507612,-650657.3334502685,event_22,forecast_error_risk
2028-01-28,-208461.87779518036,39405.32128790087,6222.073393664656,-254089.2724767459,-904746.6059270144,event_22,forecast_error_risk
2028-01-31,1577359.3426836883,28738.9544676568,4074.562596448769,1544545.8256195828,639799.2196925684,event_22,forecast_error_risk
2028-02-01,622096.3605269884,21687.057267296343,3265.829100143163,597143.4741595489,1236942.6938521173,event_22,forecast_error_risk
2028-02-02,-469835.55846774566,16121.177744271845,2800.974311220246,-488757.7105232377,748184.9833288796,event_22,forecast_error_risk
2028-02-08,-13330.99701113493,23598.50809790173,4275.436315940865,-41204.94142497753,-41204.94142497753,event_23,static_open_loop
2028-02-09,-351327.64731136954,24825.42043529508,4791.935556994334,-380945.003303659,-422149.94472863653,event_23,static_open_loop
2028-02-10,-744933.9503691777,32220.30003921485,5209.871181327869,-782364.1215897205,-1204514.066318357,event_23,static_open_loop
2028-02-11,1752332.0298920202,40552.46505399465,5708.403608368845,1706071.1612296565,501557.09491129965,event_23,static_open_loop
2028-02-14,714832.7172717755,43879.39437742153,6288.178207160983,664665.1446871929,1166222.2395984926,event_23,static_open_loop
2028-02-15,-133843.2490504265,44790.88681112152,6124.780790401737,-184758.91665194975,981463.3229465429,event_23,static_open_loop
2028-02-16,2490415.632978247,42770.08703596677,6173.969265333736,2441471.5766769466,3422934.8996234895,event_23,static_open_loop
2028-02-17,783325.7416335063,25158.31374698704,4853.408649613231,753314.019236906,4176248.9188603954,event_23,static_open_loop
2028-02-18,2687577.3551873793,24146.652215890477,3459.25631342173,2659971.446658067,6836220.365518462,event_23,static_open_loop
2028-02-21,-3520561.9041497456,14666.319959249911,2419.1807936219966,-3537647.4049026174,3298572.9606158445,event_23,static_open_loop
2028-02-08,-12675.823461325208,23337.257830467905,4248.51393981208,-40261.59523160519,-40261.59523160519,event_23,forecast_error_risk
2028-02-09,-349235.8952162345,24586.405258002917,4764.870949903292,-378587.1714241407,-418848.76665574586,event_23,forecast_error_risk
2028-02-10,-742342.5031435244,31935.582135512745,5184.14135589241,-779462.2266349295,-1198310.9932906753,event_23,forecast_error_risk
2028-02-11,1746974.788286619,40439.13632914535,5694.065250769521,1700841.586706704,502530.59341602866,event_23,forecast_error_risk
2028-02-14,714227.5116144039,43816.929171812975,6277.587130156431,664132.9953124345,1166663.5887284633,event_23,forecast_error_risk
2028-02-15,-130223.54894715747,44811.042501534605,6123.91391528491,-181158.505363977,985505.0833644862,event_23,forecast_error_risk
2028-02-16,2488453.9063989744,42937.20940057353,6190.5061541751265,2439326.1908442257,3424831.274208712,event_23,forecast_error_risk
2028-02-17,778294.8532502896,25279.986208669474,4893.5916638167655,748121.2753778034,4172952.5495865154,event_23,forecast_error_risk
2028-02-18,2682679.450626311,24183.562483295136,3472.6524507777094,2655023.235692238,6827975.785278753,event_23,forecast_error_risk
2028-02-21,-3520561.9041496688,14749.803658774472,2437.5706071878444,-3537749.278415631,3290226.5068631223,event_23,forecast_error_risk
2028-02-25,-55553.60027544559,16179.171438083202,3370.5777336450906,-75103.34944717388,-75103.34944717388,event_24,static_open_loop
2028-02-28,-222298.4626381803,17915.23261181662,3651.70184814345,-243865.39709814035,-318968.7465453142,event_24,static_open_loop
2028-02-29,-386177.35071810667,23233.806374327,4326.004038870202,-413737.1611313039,-732705.9076766181,event_24,static_open_loop
2028-03-01,61681.337620313076,32649.894802675328,5117.965831169212,23913.476986468537,-708792.4306901495,event_24,static_open_loop
2028-03-02,1613157.4549842293,37245.43358011007,6042.834755978976,1569869.1866481402,861076.7559579907,event_24,static_open_loop
2028-03-03,-184431.3765108559,41643.73113452588,6114.338402384154,-232189.44604776593,628887.3099102248,event_24,static_open_loop
2028-03-06,304498.8637631355,37730.8773018346,6240.500723181243,260527.4857381197,889414.7956483444,event_24,static_open_loop
2028-03-07,2083656.2057272317,26772.75739901465,5048.789634717266,2051834.6586934999,2941249.454341844,event_24,static_open_loop
2028-03-08,-32552.568208461664,29877.875926966197,5112.828791474653,-67543.27292690251,2873706.181414942,event_24,static_open_loop
2028-03-09,30259.412403721086,26072.943294836787,4814.034371519331,-627.565262635032,2873078.6161523066,event_24,static_open_loop
2028-02-25,-55401.55833865888,16095.669266474444,3359.428269556164,-74856.65587468949,-74856.65587468949,event_24,forecast_error_risk
2028-02-28,-223347.21112588764,17843.12944364105,3643.173053853491,-244833.5136233822,-319690.16949807166,event_24,forecast_error_risk
2028-02-29,-386368.0447140007,23174.323663423274,4316.140892196836,-413858.5092696208,-733548.6787676925,event_24,forecast_error_risk
2028-03-01,60398.50584669645,32593.701127220844,5109.204461157142,22695.60025831846,-710853.078509374,event_24,forecast_error_risk
2028-03-02,1610343.100202364,37192.248690095024,6034.364962022001,1567116.4865502468,856263.4080408728,event_24,forecast_error_risk
2028-03-03,-187578.56764981637,41562.109709405486,6100.3712290401,-235241.04858826194,621022.3594526108,event_24,forecast_error_risk
2028-03-06,308991.3147146575,37684.976213699265,6227.193715751625,265079.1447852066,886101.5042378174,event_24,forecast_error_risk
2028-03-07,2088372.3659643128,26788.961238689415,5051.956553323797,2056531.4481722994,2942632.952410117,event_24,forecast_error_risk
2028-03-08,-31658.713242574784,30007.42311180516,5128.578247687671,-66794.71460206762,2875838.237808049,event_24,forecast_error_risk
2028-03-09,30259.412403723683,26293.615277719055,4858.542408794861,-892.7452827902325,2874945.492525259,event_24,forecast_error_risk
