date,daily_gross_pct,cumulative_gross_pct,urgent_daily_gross_pct,medium_daily_gross_pct,small_daily_gross_pct,max_factor_imbalance_pct,event_id,strategy,selected_plan_source,day_index
2028-03-15,5.568911814443259,5.568911814443259,3.034190885317395,2.5347209287346484,3.9121536089874733e-10,3.4371570278091648,event_25,static_open_loop,static_open_loop,1
2028-03-16,6.479175500424884,12.048087314868143,3.5332989318050902,2.945876568237256,3.825375565397826e-10,3.3004352605106897,event_25,static_open_loop,static_open_loop,2
2028-03-17,8.10599101064217,20.154078325510312,4.6009042914695275,3.5050867188116586,3.609819966140359e-10,3.6973591583636187,event_25,static_open_loop,static_open_loop,3
2028-03-20,10.826775533179951,30.980853858690264,6.688747620357421,4.1380279125067,3.158306986730746e-10,5.200194712104993,event_25,static_open_loop,static_open_loop,4
2028-03-21,11.462352933595175,42.44320679228544,7.142857269286671,4.319495664085738,2.2276441072644983e-10,6.738591609776516,event_25,static_open_loop,static_open_loop,5
2028-03-22,11.56628671543863,54.009493507724066,7.142857303469932,4.423429411818515,1.501849793455626e-10,7.548061663561305,event_25,static_open_loop,static_open_loop,6
2028-03-23,11.336123492722631,65.3456170004467,7.142857330266491,4.193266162362443,9.369882760058796e-11,8.593220493502981,event_25,static_open_loop,static_open_loop,7
2028-03-24,11.459422729886464,76.80503973033316,7.142857350323092,4.316565379513462,4.9911184759774295e-11,9.201110830711709,event_25,static_open_loop,static_open_loop,8
2028-03-27,9.674114594426754,86.47915432475992,7.14285736249652,1.766388396919059,0.7648688350111763,11.088084061319268,event_25,static_open_loop,static_open_loop,9
2028-03-28,13.520845679437937,100.00000000419786,7.14285736949266,1.3220269045182454e-10,6.3779883098130705,15.763546798029688,event_25,static_open_loop,static_open_loop,10
2028-03-15,4.343687124868898,4.343687124868898,2.2965603068275047,2.047126817250926,7.904662359073163e-10,1.9729565422121524,event_25,forecast_liquidity,forecast_liquidity,1
2028-03-16,5.358232574862639,9.701919699731537,2.8193862410457124,2.538846333027296,7.896312863497127e-10,1.8848635339386055,event_25,forecast_liquidity,forecast_liquidity,2
2028-03-17,6.9753003526688175,16.677220052400354,3.772870626039271,3.2024297258423964,7.871498690460385e-10,2.2420438085667254,event_25,forecast_liquidity,forecast_liquidity,3
2028-03-20,9.554646691949408,26.231866744349762,5.522692723084116,4.031953968083181,7.821110853447629e-10,3.466547941516414,event_25,forecast_liquidity,forecast_liquidity,4
2028-03-21,11.270144576298081,37.502011320647846,6.750257322366461,4.51988725352203,4.095926157519575e-10,4.285568471962933,event_25,forecast_liquidity,forecast_liquidity,5
2028-03-22,11.981931834986323,49.483943155634165,7.094657686053988,4.887274148745425,1.8691040405021116e-10,4.769622729071982,event_25,forecast_liquidity,forecast_liquidity,6
2028-03-23,12.248634057855629,61.73257721348979,7.405223579643201,4.843410478066388,1.4604251473438673e-10,5.572268976301823,event_25,forecast_liquidity,forecast_liquidity,7
2028-03-24,12.387650522754369,74.12022773624416,7.705684004626065,4.681966518068546,5.975895734085521e-11,6.8535980131169145,event_25,forecast_liquidity,forecast_liquidity,8
2028-03-27,10.251828744482925,84.37205648072708,8.279609073325105,1.38996190031929,0.5822577708385264,10.20238432574619,event_25,forecast_liquidity,forecast_liquidity,9
2028-03-28,15.627943525001799,100.00000000572888,9.067344151273504,2.182279595363707e-10,6.560599373510069,15.763546798029848,event_25,forecast_liquidity,forecast_liquidity,10
2028-04-03,6.77945571456477,6.77945571456477,3.6564823296359554,3.12297338443109,4.97723611115156e-10,3.1238054824133354,event_26,static_open_loop,static_open_loop,1
2028-04-04,7.387742888361256,14.167198602926025,4.049997564824353,3.3377453230484204,4.88484422578297e-10,3.421518045650927,event_26,static_open_loop,static_open_loop,2
2028-04-05,8.52156014988975,22.688758752815772,4.772171776949593,3.749388372473991,4.661640685733093e-10,4.064975474078851,event_26,static_open_loop,static_open_loop,3
2028-04-06,10.078445098606512,32.76720385142228,5.819863084490196,4.230974015651264,0.027607998465050628,4.900253605585346,event_26,static_open_loop,static_open_loop,4
2028-04-07,11.540727497292309,44.30793134871459,6.701484564539943,4.572181679775186,0.26706125297717925,5.744192772188374,event_26,static_open_loop,static_open_loop,5
2028-04-10,12.115977346272029,56.42390869498662,7.142857203946773,4.433678429467268,0.5394417128579876,7.311493562285469,event_26,static_open_loop,static_open_loop,6
2028-04-11,12.06410850007328,68.4880171950599,7.142857249451042,3.9401326161494157,0.9811186344728225,9.052401790479243,event_26,static_open_loop,static_open_loop,7
2028-04-12,10.143308493061866,78.63132568812176,7.142857296317084,1.8666339163956214,1.1338172803491624,12.29358329503483,event_26,static_open_loop,static_open_loop,8
2028-04-13,12.035584769176577,90.66691045729834,7.1428573106313715,1.7962695646357145,3.0964578939094904,14.751289591085044,event_26,static_open_loop,static_open_loop,9
2028-04-14,9.33308954749793,100.00000000479628,7.142857333498506,1.0928798414020462,1.0973523725973806,15.763546798029813,event_26,static_open_loop,static_open_loop,10
2028-04-03,5.252827387779364,5.252827387779364,2.7377971361331994,2.5150302516046827,4.148220788541167e-11,1.6379868676744713,event_26,forecast_liquidity,forecast_liquidity,1
2028-04-04,6.148235887824232,11.401063275603596,3.237339563362222,2.9108963244204547,4.155476730080779e-11,1.7147652778839957,event_26,forecast_liquidity,forecast_liquidity,2
2028-04-05,7.5157983727135305,18.916861648317127,4.022188271840216,3.4936101008356686,3.764412336878874e-11,2.0852376131562895,event_26,forecast_liquidity,forecast_liquidity,3
2028-04-06,9.267609471037167,28.184471119354292,5.095520931171452,4.172088539834849,3.08647774786216e-11,2.7113216522760077,event_26,forecast_liquidity,forecast_liquidity,4
2028-04-07,11.099623017437382,39.28409413679167,6.135667644512673,4.746161066508981,0.21779430641572803,3.561503397720272,event_26,forecast_liquidity,forecast_liquidity,5
2028-04-10,12.265505309821567,51.54959944661324,7.027912156941716,4.8827305375777525,0.35486261530210034,4.394867842414967,event_26,forecast_liquidity,forecast_liquidity,6
2028-04-11,12.601955042221148,64.15155448883439,7.405223394449773,4.5848542256036,0.6118774221677753,5.662498974694545,event_26,forecast_liquidity,forecast_liquidity,7
2028-04-12,10.912071082053938,75.06362557088833,7.705683805243206,2.3469781610356226,0.8594091157751081,9.009442086737874,event_26,forecast_liquidity,forecast_liquidity,8
2028-04-13,13.354758431826905,88.41838400271524,8.279608868676522,1.8916855826049808,3.1834639805454,12.388511298666048,event_26,forecast_liquidity,forecast_liquidity,9
2028-04-14,11.58161599773087,100.00000000044611,9.06734394195468,0.5988223528722689,1.915449702903921,15.763546798029518,event_26,forecast_liquidity,forecast_liquidity,10
2028-04-20,7.776967749550663,7.776967749550663,3.9344791942717072,3.5402716645856156,0.3022168906933411,4.444828899038441,event_27,static_open_loop,static_open_loop,1
2028-04-21,8.58553066897157,16.362498418522232,4.387515590613845,3.833442967404389,0.36457211095333764,4.249223229394755,event_27,static_open_loop,static_open_loop,2
2028-04-24,9.64291398485487,26.0054124033771,4.957517879071302,4.219851268809145,0.4655448369744207,4.446232540559657,event_27,static_open_loop,static_open_loop,3
2028-04-25,11.141755864479116,37.147168267856216,5.766956303628573,4.784213107550278,0.5905864533002642,4.615827675513881,event_27,static_open_loop,static_open_loop,4
2028-04-26,12.375208513892186,49.522376781748406,6.666316391538647,5.0133804140208875,0.6955117083326529,5.077544788116495,event_27,static_open_loop,static_open_loop,5
2028-04-27,12.433052431665436,61.955429213413844,7.084963557034706,4.872764470747319,0.47532440388341296,5.607594222570931,event_27,static_open_loop,static_open_loop,6
2028-04-28,11.50773769486205,73.4631669082759,7.142857638866092,3.8544949940815063,0.5103850619144515,7.896648990006878,event_27,static_open_loop,static_open_loop,7
2028-05-01,9.697576960053077,83.16074386832898,7.142857584607369,1.791062219713706,0.763657155732002,10.416452782211032,event_27,static_open_loop,static_open_loop,8
2028-05-02,7.943463554319035,91.10420742264802,7.04716653383482,0.23337603599979084,0.6629209844844252,13.304922207909422,event_27,static_open_loop,static_open_loop,9
2028-05-03,8.895792577477422,100.00000000012544,6.583655040817959,6.512266104482575e-11,2.312137536594342,15.763546798029736,event_27,static_open_loop,static_open_loop,10
2028-04-20,6.006471469508894,6.006471469508894,3.0097018594493568,2.8200718125378237,0.17669779752171305,2.8151917226739345,event_27,forecast_liquidity,forecast_liquidity,1
2028-04-21,7.09443459282921,13.100906062338105,3.5993290909970868,3.2879004159047907,0.20720508592733367,2.6719677343507526,event_27,forecast_liquidity,forecast_liquidity,2
2028-04-24,8.451043132084697,21.551949194422804,4.30188041056475,3.865855343086426,0.2833073784335226,2.871554843604554,event_27,forecast_liquidity,forecast_liquidity,3
2028-04-25,10.203609065062844,31.755558259485646,5.205124788743813,4.629884670009517,0.36859960630951333,3.1447182519667334,event_27,forecast_liquidity,forecast_liquidity,4
2028-04-26,11.73147056091122,43.487028820396866,6.194270597096949,5.1045406085164515,0.43265935529781985,3.669213330582564,event_27,forecast_liquidity,forecast_liquidity,5
2028-04-27,12.396467394864644,55.88349621526151,6.839921960864899,5.271700106463361,0.2848453275363833,3.871285167284973,event_27,forecast_liquidity,forecast_liquidity,6
2028-04-28,12.291751548632678,68.17524776389419,7.375805615982085,4.542316889456796,0.37362904319379986,4.801792072425813,event_27,forecast_liquidity,forecast_liquidity,7
2028-05-01,10.434950366212966,78.61019813010716,7.705683802589488,2.2871956196083185,0.4420709440151594,7.382218464282911,event_27,forecast_liquidity,forecast_liquidity,8
2028-05-02,9.11935306584789,87.72955119595505,8.182068387181616,0.33339167729634483,0.6038930013699292,11.221833154575267,event_27,forecast_liquidity,forecast_liquidity,9
2028-05-03,12.270448804118855,100.00000000007391,8.300499200815642,1.2280012394203305e-11,3.9699496032909343,15.763546798029498,event_27,forecast_liquidity,forecast_liquidity,10
2028-05-09,7.450046943104173,7.450046943104173,4.1497557956210676,3.3002911474207344,6.237093126948662e-11,5.9033218226993025,event_28,static_open_loop,static_open_loop,1
2028-05-10,8.19490372451692,15.644950667621092,4.633433917280295,3.5455187138320614,0.015951093404562543,6.230888654589451,event_28,static_open_loop,static_open_loop,2
2028-05-11,9.466554725268177,25.11150539288927,5.32243842391789,3.9864952920506433,0.15762100929964262,6.730274358351682,event_28,static_open_loop,static_open_loop,3
2028-05-12,10.731269569347115,35.84277496223638,6.098162057565538,4.372119945304801,0.260987566476775,6.871301687573879,event_28,static_open_loop,static_open_loop,4
2028-05-15,11.969662354915764,47.812437317152146,6.70638924478764,4.744519464759765,0.518753645368358,7.176918322464882,event_28,static_open_loop,static_open_loop,5
2028-05-16,12.444254337701004,60.25669165485315,7.142857431163727,4.763663675035297,0.5377332315019776,7.67946504372031,event_28,static_open_loop,static_open_loop,6
2028-05-17,12.118239081787456,72.37493073664061,7.142857432672814,4.481692202508224,0.493689446606417,8.465824142451975,event_28,static_open_loop,static_open_loop,7
2028-05-18,11.041483863438181,83.41641460007878,7.142857430805463,2.670504083836001,1.2281223487967172,10.745060797866321,event_28,static_open_loop,static_open_loop,8
2028-05-19,8.932023936608442,92.34843853668723,7.142857416053739,0.27805261827936534,1.5111139022753395,14.18972410538902,event_28,static_open_loop,static_open_loop,9
2028-05-22,7.651561463667513,100.00000000035475,5.2326765644177575,5.988601398884535e-11,2.418884899189868,15.763546798029676,event_28,static_open_loop,static_open_loop,10
2028-05-09,5.73776453491071,5.73776453491071,3.072135137199629,2.6545728601745453,0.011056537536535755,3.4220559274854874,event_28,forecast_liquidity,forecast_liquidity,1
2028-05-10,6.795853933949828,12.533618468860539,3.6810148984134585,3.078202098204987,0.036636937331382506,3.6441151237305527,event_28,forecast_liquidity,forecast_liquidity,2
2028-05-11,8.330783766645874,20.86440223550641,4.476920860591733,3.7014254913231888,0.15243741473095368,3.9261349542120376,event_28,forecast_liquidity,forecast_liquidity,3
2028-05-12,9.895059617857203,30.759461853363614,5.368933103830606,4.287744835183831,0.2383816788427655,4.1147789149026694,event_28,forecast_liquidity,forecast_liquidity,4
2028-05-15,11.509415103220057,42.26887695658367,6.160246841449851,4.865667013962025,0.4835012478081822,4.522627882530269,event_28,forecast_liquidity,forecast_liquidity,5
2028-05-16,12.597543663524988,54.866420620108656,6.974922988104881,5.118488793662059,0.5041318817580492,4.9851922908274,event_28,forecast_liquidity,forecast_liquidity,6
2028-05-17,12.81465982906101,67.68108044916967,7.405223392990979,4.994089404327587,0.41534703174244547,5.858208614014729,event_28,forecast_liquidity,forecast_liquidity,7
2028-05-18,11.497140991156007,79.17822144032567,7.705683803780025,3.0771444089176647,0.7143127784583195,8.202344700506044,event_28,forecast_liquidity,forecast_liquidity,8
2028-05-19,9.839825492853315,89.018046933179,8.279608866724681,0.3655222371457909,1.1946943889828396,12.252266249579945,event_28,forecast_liquidity,forecast_liquidity,9
2028-05-22,10.98195306715334,100.00000000033234,7.589595821199841,1.8335455105962578e-11,3.392357245935162,15.763546798029529,event_28,forecast_liquidity,forecast_liquidity,10
2028-05-26,8.285830780348364,8.285830780348364,4.163419263014409,3.7076452813207625,0.4147662360131906,3.891393351898867,event_29,static_open_loop,static_open_loop,1
2028-05-29,8.936437744963753,17.222268525312117,4.473753663971531,3.989989165847937,0.4726949151442856,4.148948587353494,event_29,static_open_loop,static_open_loop,2
2028-05-30,9.963384570273448,27.185653095585565,5.0854524555810094,4.26592680348477,0.6120053112076681,4.66729978627726,event_29,static_open_loop,static_open_loop,3
2028-05-31,11.447649080947333,38.633302176532894,5.996647222261083,4.710311280956463,0.7406905777297874,5.165178145380185,event_29,static_open_loop,static_open_loop,4
2028-06-01,12.133413207543542,50.766715384076434,6.607136940104627,4.633767504000642,0.8925087634382757,5.729996378145453,event_29,static_open_loop,static_open_loop,5
2028-06-02,12.797268202312198,63.56398358638863,7.142857647862171,4.642096131025239,1.0123144234247896,6.905768992645837,event_29,static_open_loop,static_open_loop,6
2028-06-05,12.234740798554121,75.79872438494274,7.142857685374894,3.9166613376792516,1.1752217754999779,8.410951022220106,event_29,static_open_loop,static_open_loop,7
2028-06-06,10.002931504554905,85.80165588949765,7.142857707378534,1.791676172228169,1.0683976249482023,10.824711298364434,event_29,static_open_loop,static_open_loop,8
2028-06-07,7.657969744357948,93.4596256338556,7.142857700452474,2.0511758013422847e-10,0.515112043700356,13.493353255963578,event_29,static_open_loop,static_open_loop,9
2028-06-08,6.540374366552807,100.0000000004084,5.816445428283163,0.4847834665192444,0.23914547175039927,15.763546798029841,event_29,static_open_loop,static_open_loop,10
2028-05-26,6.472116648976767,6.472116648976767,3.205173313955134,2.986065419640863,0.2808779153807696,2.6739787822509404,event_29,forecast_liquidity,forecast_liquidity,1
2028-05-29,7.514058261578214,13.98617491055498,3.6972775412697825,3.464969666017216,0.35181105429121456,2.8242068081971587,event_29,forecast_liquidity,forecast_liquidity,2
2028-05-30,8.867956152506302,22.85413106306128,4.449090592279818,3.9645828111634422,0.45428274906304156,3.2076613125376987,event_29,forecast_liquidity,forecast_liquidity,3
2028-05-31,10.567420471528978,33.42155153459026,5.380811822623994,4.61024163947933,0.5763670094256518,3.599302723494118,event_29,forecast_liquidity,forecast_liquidity,4
2028-06-01,11.582178925083403,45.00373045967366,6.088901906308224,4.7678047655511335,0.7254722532240462,4.328951510779047,event_29,forecast_liquidity,forecast_liquidity,5
2028-06-02,12.867167253992953,57.870897713666615,7.019249746763396,4.984775756159079,0.8631417510704781,4.823297366948525,event_29,forecast_liquidity,forecast_liquidity,6
2028-06-05,12.843858164167921,70.71475587783453,7.350797585760882,4.469591432541548,1.023469145865492,5.805539546990011,event_29,forecast_liquidity,forecast_liquidity,7
2028-06-06,10.960829763189933,81.67558564102447,7.705683803766449,2.1709619913544644,1.084183968069019,8.524618360923201,event_29,forecast_liquidity,forecast_liquidity,8
2028-06-07,9.208274945288595,90.88386058631306,8.27960886639384,8.386178300721882e-12,0.9286660788863681,12.295196555699544,event_29,forecast_liquidity,forecast_liquidity,9
2028-06-08,9.116139413745849,100.00000000005892,7.5376905351641055,0.7238636609757866,0.8545852176059554,15.76354679802951,event_29,forecast_liquidity,forecast_liquidity,10
2028-06-14,7.068628178176786,7.068628178176786,3.6174272884202994,3.198819329666518,0.2523815600899697,3.8229427427029474,event_30,static_open_loop,static_open_loop,1
2028-06-15,7.779152243926848,14.847780422103634,4.016154867624029,3.472633812407426,0.29036356389539575,3.690307648436399,event_30,static_open_loop,static_open_loop,2
2028-06-16,9.081607339468983,23.929387761572617,4.724221684708397,4.0221750796737865,0.33521057508679875,3.888193822162957,event_30,static_open_loop,static_open_loop,3
2028-06-19,10.853153842665114,34.78254160423773,5.8564278527236935,4.483733386081043,0.5129926038603794,4.673429084074962,event_30,static_open_loop,static_open_loop,4
2028-06-20,12.708497640854517,47.491039245092246,6.950758537276583,5.0234414722996,0.7342976312783359,5.584087823376138,event_30,static_open_loop,static_open_loop,5
2028-06-21,12.917229648934589,60.40826889402683,7.142856793047928,5.091417688889636,0.6829551669970253,6.670742238832177,event_30,static_open_loop,static_open_loop,6
2028-06-22,12.808786883249565,73.2170557772764,7.142856769843812,4.514103867019302,1.151826246386452,8.226575904939864,event_30,static_open_loop,static_open_loop,7
2028-06-23,10.527861849668392,83.7449176269448,7.142856753084079,2.3365325063838074,1.048472590200508,10.455567146369647,event_30,static_open_loop,static_open_loop,8
2028-06-26,8.789607064881933,92.53452469182673,7.1428567482299785,2.0706912301314078e-10,1.6467503164448842,13.279604475588586,event_30,static_open_loop,static_open_loop,9
2028-06-27,7.465475309059951,100.00000000088669,6.977868419328358,2.287395427157985e-10,0.487606889502853,15.763546798029314,event_30,static_open_loop,static_open_loop,10
2028-06-14,5.390815163851786,5.390815163851786,2.697621980598784,2.529875661717192,0.16331752153580942,2.38525772220387,event_30,forecast_liquidity,forecast_liquidity,1
2028-06-15,6.357027539730616,11.747842703582403,3.207037706102981,2.9562853275535064,0.19370450607412992,2.291990489445079,event_30,forecast_liquidity,forecast_liquidity,2
2028-06-16,7.850570530136846,19.59841323371925,3.9767626613382623,3.6462614705848377,0.2275463982137449,2.3937657758322923,event_30,forecast_liquidity,forecast_liquidity,3
2028-06-19,9.769195242693357,29.367608476412606,5.119884943709193,4.296693774885325,0.35261652409883504,2.9469723086561594,event_30,forecast_liquidity,forecast_liquidity,4
2028-06-20,11.813328690942035,41.18093716735464,6.278767006168639,5.042036050114884,0.49252563465851096,3.4309018436913425,event_30,forecast_liquidity,forecast_liquidity,5
2028-06-21,12.757175089906857,53.9381122572615,6.976351401018823,5.420263084467249,0.36056060442078675,3.999365103977294,event_30,forecast_liquidity,forecast_liquidity,6
2028-06-22,13.285321057381003,67.2234333146425,7.405223395266166,5.175088118667838,0.7050095434469993,4.932763083310428,event_30,forecast_liquidity,forecast_liquidity,7
2028-06-23,11.659269831038607,78.88270314568112,7.705683806826794,3.0443524928202104,0.9092335313916026,7.188415401140193,event_30,forecast_liquidity,forecast_liquidity,8
2028-06-26,9.930331512313133,88.81303465799425,8.279608870070515,0.032001162095338084,1.6187214801472807,10.855444184200048,event_30,forecast_liquidity,forecast_liquidity,9
2028-06-27,11.1869653421727,100.00000000016695,9.067343943185474,2.627350481657568e-11,2.1196213989609514,15.763546798029516,event_30,forecast_liquidity,forecast_liquidity,10
2028-07-03,6.48521826663634,6.48521826663634,3.4631755438860674,3.0220427223365816,4.136902795866779e-10,2.441994415162726,event_31,static_open_loop,static_open_loop,1
2028-07-04,7.352734697143429,13.83795296377977,4.028069086252396,3.3246656104892294,4.018016798713979e-10,2.9064240521681945,event_31,static_open_loop,static_open_loop,2
2028-07-05,8.516995705906313,22.35494866968608,4.766421861015372,3.7505738445155288,3.7541433627224755e-10,3.4643677208218517,event_31,static_open_loop,static_open_loop,3
2028-07-06,10.256001037283287,32.610949706969365,5.958312108410797,4.297688928543433,3.2905797587315337e-10,4.34019374399598,event_31,static_open_loop,static_open_loop,4
2028-07-07,11.580796231132728,44.191745938102095,6.978966193035255,4.601830037844776,2.527019351271105e-10,5.463358823827287,event_31,static_open_loop,static_open_loop,5
2028-07-10,12.048863839889815,56.24060977799191,7.142857417679172,4.881488462058789,0.024517960151854836,6.204526726921841,event_31,static_open_loop,static_open_loop,6
2028-07-11,11.817202569363364,68.05781234735527,6.947911033586809,4.590178817423075,0.2791127183534827,7.346233113688083,event_31,static_open_loop,static_open_loop,7
2028-07-12,10.091098466980169,78.14891081433544,7.142857485297226,2.5719658153734297,0.37627516630951424,8.874302213729965,event_31,static_open_loop,static_open_loop,8
2028-07-13,10.005866140262468,88.1547769545979,7.142857493042571,0.8645148357104419,1.9984938115094555,12.521013511776873,event_31,static_open_loop,static_open_loop,9
2028-07-14,11.845223049376202,100.00000000397411,7.142857492078793,0.23790806899198627,4.46445748830542,15.763546798029724,event_31,static_open_loop,static_open_loop,10
2028-07-03,5.056601640726797,5.056601640726797,2.6270966269227456,2.429505013729227,7.482414257209427e-11,1.5197493990174098,event_31,forecast_liquidity,forecast_liquidity,1
2028-07-04,6.134468175239279,11.191069815966076,3.2597775396823385,2.874690635486596,7.034468103311945e-11,1.8068088133002136,event_31,forecast_liquidity,forecast_liquidity,2
2028-07-05,7.507954889151733,18.699024705117807,4.055367536030034,3.452587353066093,5.560723835244817e-11,2.113227327550609,event_31,forecast_liquidity,forecast_liquidity,3
2028-07-06,9.414573186859704,28.113597891977513,5.231026671755094,4.183546515063615,4.099615393300057e-11,2.64751937880277,event_31,forecast_liquidity,forecast_liquidity,4
2028-07-07,11.02793848629835,39.14153637827586,6.3289237297274425,4.6990147565385385,3.236977736393363e-11,3.2896407817975084,event_31,forecast_liquidity,forecast_liquidity,5
2028-07-10,12.370683060775377,51.512219439051236,7.094657520001246,5.250648253333339,0.025377287440791672,3.8327018213182287,event_31,forecast_liquidity,forecast_liquidity,6
2028-07-11,12.418559168791077,63.93077860784231,7.064799462661416,5.156570825349924,0.19718888077973704,4.779850040568597,event_31,forecast_liquidity,forecast_liquidity,7
2028-07-12,10.922078598040597,74.85285720588291,7.705683810271744,2.979425046791057,0.2369697409777936,6.6150148175737735,event_31,forecast_liquidity,forecast_liquidity,8
2028-07-13,10.419817204057477,85.2726744099404,8.27960887245115,1.1168687435522933,1.0233395880540321,10.454850956195937,event_31,forecast_liquidity,forecast_liquidity,9
2028-07-14,14.7273255907482,100.00000000068859,9.067343944782532,2.4277470884896044e-11,5.659981645941391,15.76354679802952,event_31,forecast_liquidity,forecast_liquidity,10
2028-07-20,7.5559325115565175,7.5559325115565175,3.7653669484863013,3.494503532781132,0.2960620302890849,4.570935725933837,event_32,static_open_loop,static_open_loop,1
2028-07-21,8.277438832905576,15.833371344462094,4.238103009317418,3.8398949398619244,0.19944088372623353,3.5286737442320035,event_32,static_open_loop,static_open_loop,2
2028-07-24,9.652885948140293,25.48625729260239,5.049171994402746,4.339190356701271,0.2645235970362775,3.651010678156404,event_32,static_open_loop,static_open_loop,3
2028-07-25,11.686719723302645,37.17297701590503,6.142933160661844,5.0305756747269434,0.5132108879138574,4.0735420699142635,event_32,static_open_loop,static_open_loop,4
2028-07-26,13.15097864811909,50.323955664024126,6.970896367753606,5.301413790757997,0.8786684896074868,4.798216802947751,event_32,static_open_loop,static_open_loop,5
2028-07-27,13.047909621963363,63.37186528598749,7.142857552555687,5.150853682819799,0.7541983865878762,5.751084078477206,event_32,static_open_loop,static_open_loop,6
2028-07-28,12.135328436208102,75.5071937221956,7.110782796529218,4.343089784103527,0.6814558555753595,6.948317505485648,event_32,static_open_loop,static_open_loop,7
2028-07-31,8.641516118973632,84.14870984116922,7.134722856839576,0.6433353818327863,0.863457880301269,10.011505901938678,event_32,static_open_loop,static_open_loop,8
2028-08-01,8.116764330827358,92.26547417199657,7.1428576635583685,3.392983989844263e-10,0.9739066669296933,13.036299556021772,event_32,static_open_loop,static_open_loop,9
2028-08-02,7.734525829457328,100.0000000014539,6.016593364179071,3.8857768903590043e-10,1.7179324648896788,15.763546798029843,event_32,static_open_loop,static_open_loop,10
2028-07-20,5.909248665854745,5.909248665854745,2.95101543410787,2.8159061511479093,0.14232708059896698,2.5899091224932804,event_32,forecast_liquidity,forecast_liquidity,1
2028-07-21,6.987930725535144,12.89717939138989,3.5511678932376842,3.3196266047977816,0.11713622749967884,2.0093975897783887,event_32,forecast_liquidity,forecast_liquidity,2
2028-07-24,8.553474293640528,21.450653685030417,4.447574705683169,3.9825121408133044,0.12338744714405235,2.2279917403613974,event_32,forecast_liquidity,forecast_liquidity,3
2028-07-25,10.60006400371606,32.050717688746474,5.477229931030168,4.839407801055959,0.2834262716299327,2.4298050675370764,event_32,forecast_liquidity,forecast_liquidity,4
2028-07-26,12.28762646099635,44.338344149742824,6.369157581208374,5.3505185971178015,0.5679502826701742,2.8111951226775633,event_32,forecast_liquidity,forecast_liquidity,5
2028-07-27,13.014207242230881,57.352551391973705,7.088365295432224,5.512080932716973,0.4137610140816842,3.32007719389537,event_32,forecast_liquidity,forecast_liquidity,6
2028-07-28,12.553087142492354,69.90563853446606,7.301885991735016,4.994807954961527,0.2563931957958096,3.969323317411689,event_32,forecast_liquidity,forecast_liquidity,7
2028-07-31,9.538741941444316,79.44438047591038,7.535409916263565,1.3279969602665362,0.6753350649142146,6.70927647909524,event_32,forecast_liquidity,forecast_liquidity,8
2028-08-01,8.980210419989092,88.42459089589947,8.279608866866381,8.226213819711422e-12,0.7006015531144857,10.462831809583294,event_32,forecast_liquidity,forecast_liquidity,9
2028-08-02,11.575409104185596,100.00000000008507,7.712870098721244,8.471444340834759e-12,3.8625390054558806,15.763546798029525,event_32,forecast_liquidity,forecast_liquidity,10
2028-08-08,4.8924430214040955,4.8924430214040955,2.9998856462336,1.892557374876661,2.9383394221528494e-10,7.834030061304918,event_33,static_open_loop,static_open_loop,1
2028-08-09,5.988591262862561,10.881034284266656,3.7271964331035545,2.2613948294752766,2.837297332152978e-10,8.508914603341726,event_33,static_open_loop,static_open_loop,2
2028-08-10,7.241017772730208,18.122052056996864,4.724069922215538,2.516947850253262,2.6140769785015296e-10,9.420395386102536,event_33,static_open_loop,static_open_loop,3
2028-08-11,9.2179893489715,27.340041405968364,6.405989682990529,2.811999665758436,2.225356318051296e-10,11.368572904133519,event_33,static_open_loop,static_open_loop,4
2028-08-14,9.853952024111358,37.19399343007972,7.142857301299666,2.7110947226523807,1.5931075314013236e-10,12.392609326878498,event_33,static_open_loop,static_open_loop,5
2028-08-15,9.644201284985197,46.838194715064915,7.142857323461513,2.5013439614156088,1.0807548021639159e-10,12.82247012123242,event_33,static_open_loop,static_open_loop,6
2028-08-16,9.882624523648026,56.72081923871294,7.142857340191012,2.7397671833895294,6.748620786202046e-11,13.676141353935016,event_33,static_open_loop,static_open_loop,7
2028-08-17,10.462044318371124,67.18286355708406,7.1428573519556435,3.3191869663792737,3.6206445385981124e-11,14.71044192410422,event_33,static_open_loop,static_open_loop,8
2028-08-18,12.47711262856175,79.65997618564582,7.14285735610787,5.035411136261883,0.29884413619199285,14.96858586989409,event_33,static_open_loop,static_open_loop,9
2028-08-21,20.340023817244248,100.00000000289006,7.1428573567259726,6.353153452394956,6.844013008123323,15.763546798029658,event_33,static_open_loop,static_open_loop,10
2028-08-08,3.7642547324325775,3.7642547324325775,2.193587372279237,1.5706673599892458,1.6409397282927505e-10,5.586871573072846,event_33,forecast_liquidity,forecast_liquidity,1
2028-08-09,4.920411481715921,8.684666214148498,2.9121314689397186,2.0082800126267624,1.4943883033875257e-10,5.860027434741355,event_33,forecast_liquidity,forecast_liquidity,2
2028-08-10,6.289411464032104,14.974077678180603,3.8849000004988805,2.40451146340502,1.282022019483425e-10,6.732322108006068,event_33,forecast_liquidity,forecast_liquidity,3
2028-08-11,8.350218536850361,23.324296215030962,5.470221313097378,2.879997223660027,9.295580284244595e-11,8.008697866561844,event_33,forecast_liquidity,forecast_liquidity,4
2028-08-14,9.630208871885294,32.95450508691626,6.700927940574938,2.929280931253814,5.6542216318031894e-11,9.549391551229148,event_33,forecast_liquidity,forecast_liquidity,5
2028-08-15,9.818341503886487,42.77284659080274,7.094657532042013,2.7236839717802073,6.426643704920059e-11,10.707731469290453,event_33,forecast_liquidity,forecast_liquidity,6
2028-08-16,10.260047870029746,53.03289446083249,7.405223415147269,2.8548244548016224,8.085554056931385e-11,11.513749819694272,event_33,forecast_liquidity,forecast_liquidity,7
2028-08-17,10.6345234260789,63.66741788691139,7.705683827847701,2.9288395981472615,8.393213416192917e-11,12.076950618226977,event_33,forecast_liquidity,forecast_liquidity,8
2028-08-18,13.679404619066567,77.34682250597795,8.279608885762398,5.3797242118638415,0.020071521440325715,12.92949343628597,event_33,forecast_liquidity,forecast_liquidity,9
2028-08-21,22.653177495432235,100.00000000141019,9.067343958096055,6.463047915329377,7.122785622006805,15.763546798029555,event_33,forecast_liquidity,forecast_liquidity,10
2028-08-25,5.589898497784549,5.589898497784549,2.9641814956519283,2.6257170018890195,2.4360046877806687e-10,3.13970788624592,event_34,static_open_loop,static_open_loop,1
2028-08-28,6.541461940520218,12.131360438304768,3.5581115004022394,2.9833504398806325,2.3734694560209644e-10,3.4427798046182483,event_34,static_open_loop,static_open_loop,2
2028-08-29,8.152098688363028,20.283459126667793,4.6906054447875745,3.461493243353282,2.2217183649682817e-10,4.09724974868941,event_34,static_open_loop,static_open_loop,3
2028-08-30,10.870773416913277,31.15423254358107,6.644243637859109,4.226529778862651,1.915154354401022e-10,5.22398611641198,event_34,static_open_loop,static_open_loop,4
2028-08-31,11.63394941580205,42.788181959383124,7.142857234508801,4.491092181164036,1.2921056708682275e-10,5.800361722534665,event_34,static_open_loop,static_open_loop,5
2028-09-01,11.218093783357533,54.006275742740655,7.142857258127881,4.075236525149523,8.012574619371765e-11,6.649385595745651,event_34,static_open_loop,static_open_loop,6
2028-09-04,10.52217693927713,64.52845268201779,7.142857274298214,3.379319664934529,4.438736908920459e-11,7.480090335913797,event_34,static_open_loop,static_open_loop,7
2028-09-05,10.642541858293068,75.17099454031086,7.142857284645884,3.3039407733575215,0.19574380028966132,8.76117291402001,event_34,static_open_loop,static_open_loop,8
2028-09-06,9.286636176574422,84.45763071688528,7.142857293880354,1.5826449317006868,0.5611339509933847,11.576913559256454,event_34,static_open_loop,static_open_loop,9
2028-09-07,15.542369285397214,100.00000000228249,7.142857290123127,2.0135326025652933,6.3859793927087924,15.763546798029669,event_34,static_open_loop,static_open_loop,10
2028-08-25,4.3369832081630255,4.3369832081630255,2.235160158838272,2.101823048362718,9.620364976919076e-10,1.4279447358330462,event_34,forecast_liquidity,forecast_liquidity,1
2028-08-28,5.38099370572993,9.717976913892954,2.825847901796429,2.5551458032390846,6.944162383386458e-10,1.6523100091412029,event_34,forecast_liquidity,forecast_liquidity,2
2028-08-29,6.980981596526931,16.698958510419885,3.8246064243358266,3.1563751718908946,3.002073407008235e-10,2.1956542471304132,event_34,forecast_liquidity,forecast_liquidity,3
2028-08-30,9.625338358116316,26.3242968685362,5.525895971677469,4.0994423862547125,1.8413344376242632e-10,3.3045354037582784,event_34,forecast_liquidity,forecast_liquidity,4
2028-08-31,11.425459377388998,37.7497562459252,6.750257268705162,4.67520210854018,1.436564499077703e-10,4.038683212585872,event_34,forecast_liquidity,forecast_liquidity,5
2028-09-01,11.692220490222816,49.441976736148014,7.09465760159466,4.597562888568075,6.008042097224047e-11,4.792300372872939,event_34,forecast_liquidity,forecast_liquidity,6
2028-09-04,11.49447121442029,60.93644795056831,7.405223487062597,4.089247727293807,6.38855729822145e-11,5.681793642868386,event_34,forecast_liquidity,forecast_liquidity,7
2028-09-05,11.387326241884265,72.32377419245257,7.7056839006823745,3.6816423411505004,5.1392371482294986e-11,6.887803215586196,event_34,forecast_liquidity,forecast_liquidity,8
2028-09-06,9.701836004320448,82.02561019677302,8.279608964639436,1.0760506911302408,0.3461763485507717,10.494236385937102,event_34,forecast_liquidity,forecast_liquidity,9
2028-09-07,17.974389808236737,100.00000000500975,9.067344034952976,2.1103649766263364,6.796680796657424,15.763546798029443,event_34,forecast_liquidity,forecast_liquidity,10
2028-09-13,6.264943958066259,6.264943958066259,3.4130685862307018,2.8518753714302685,4.052887204335094e-10,3.3244975856157963,event_35,static_open_loop,static_open_loop,1
2028-09-14,7.081709466889158,13.346653424955417,3.8482896929588195,3.2334197735387287,3.916076067224776e-10,3.384297838001774,event_35,static_open_loop,static_open_loop,2
2028-09-15,8.177716986998467,21.524370411953882,4.609373189116302,3.568343797522039,3.6012555965158553e-10,4.260187450474941,event_35,static_open_loop,static_open_loop,3
2028-09-18,10.15349429919374,31.67786471114762,6.052039556996951,4.101454741895192,3.0159746808969764e-10,5.461364320018975,event_35,static_open_loop,static_open_loop,4
2028-09-19,11.608872725646899,43.28673743679452,7.07723031388232,4.531642411566849,1.977321470951797e-10,6.079315287765921,event_35,static_open_loop,static_open_loop,5
2028-09-20,11.704491204302876,54.99122864109739,7.142856913694161,4.561634290493711,1.1500220685071487e-10,6.3405618969184125,event_35,static_open_loop,static_open_loop,6
2028-09-21,10.972650140782743,65.96387878188014,7.142856884893207,3.6748672677135077,0.15492598817602932,7.630333014849083,event_35,static_open_loop,static_open_loop,7
2028-09-22,10.293098421104187,76.25697720298433,7.142856865479035,2.3481413195334238,0.8021002360917294,9.63991819519935,event_35,static_open_loop,static_open_loop,8
2028-09-25,9.32392491686011,85.58090211984444,7.142856856912456,1.3502959029931185,0.8307721569545362,12.272993379125005,event_35,static_open_loop,static_open_loop,9
2028-09-26,14.419097880197263,100.0000000000417,7.142856854122882,1.9211822661701392,5.355058759904241,15.763546798029395,event_35,static_open_loop,static_open_loop,10
2028-09-13,4.855933653234812,4.855933653234812,2.5629960607535245,2.292937592394711,8.657658514370844e-11,1.8718811561328736,event_35,forecast_liquidity,forecast_liquidity,1
2028-09-14,5.859353919250993,10.715287572485806,3.070841588439185,2.788512330729086,8.272283844768758e-11,1.770913272254566,event_35,forecast_liquidity,forecast_liquidity,2
2028-09-15,7.116699992806904,17.83198756529271,3.825441136092896,3.291258856648173,6.583511775650862e-11,2.031125248577165,event_35,forecast_liquidity,forecast_liquidity,3
2028-09-18,9.145604133612922,26.977591698905634,5.1199094272268,4.025694706327273,5.884605965354265e-11,2.7141784117210905,event_35,forecast_liquidity,forecast_liquidity,4
2028-09-19,11.312838944864858,38.29043064377049,6.582579946311878,4.730258998500242,5.273802465376488e-11,3.53995883828674,event_35,forecast_liquidity,forecast_liquidity,5
2028-09-20,12.190458223352097,50.48088886712259,7.094657521372826,5.095800701930967,4.8304412599571396e-11,3.991203939160426,event_35,forecast_liquidity,forecast_liquidity,6
2028-09-21,11.859393676016046,62.340282543138635,7.405223399318646,4.437854430465319,0.01631584623208036,5.040424060580893,event_35,forecast_liquidity,forecast_liquidity,7
2028-09-22,10.440250773518521,72.78053331665716,7.705683811235863,2.6123275595312103,0.12223940275144769,7.173651281041324,event_35,forecast_liquidity,forecast_liquidity,8
2028-09-25,9.709109107821716,82.48964242447887,8.279608875677594,1.0471572922856638,0.3823429398584583,10.688468212206864,event_35,forecast_liquidity,forecast_liquidity,9
2028-09-26,17.510357576448573,100.00000000092744,9.067343947856397,1.8210546740990745,6.621958954493103,15.763546798029521,event_35,forecast_liquidity,forecast_liquidity,10
2028-10-02,7.054945328178478,7.054945328178478,3.712269480005223,3.1979886650078506,0.14468718316540533,3.6042710473761432,event_36,static_open_loop,static_open_loop,1
2028-10-03,7.659336495020115,14.714281823198593,4.131333823512688,3.405545710464313,0.12245696104311457,4.1180512196705275,event_36,static_open_loop,static_open_loop,2
2028-10-04,8.839838676702776,23.55412049990137,4.7793625009630345,3.869219656339474,0.19125651940026703,4.725662922400082,event_36,static_open_loop,static_open_loop,3
2028-10-05,10.274632388745706,33.828752888647074,5.741579571600848,4.281292470175938,0.2517603469689197,5.541180962002705,event_36,static_open_loop,static_open_loop,4
2028-10-06,11.579504904916762,45.408257793563834,6.635455000168439,4.490849484867536,0.45320041988078685,6.560214003228614,event_36,static_open_loop,static_open_loop,5
2028-10-09,11.956549581646069,57.36480737520991,7.142857029635879,4.192592795400896,0.6210997566092957,7.897819303974999,event_36,static_open_loop,static_open_loop,6
2028-10-10,12.334430557535176,69.69923793274508,7.142857052319635,4.026411953071604,1.1651615521439374,9.558047619262831,event_36,static_open_loop,static_open_loop,7
2028-10-11,11.097145114408695,80.79638304715377,7.142857068662379,2.658029467842519,1.296258577903796,11.89319808587873,event_36,static_open_loop,static_open_loop,8
2028-10-12,9.353068299032115,90.14945134618588,7.142857086986633,0.8540547096359047,1.3561565024095787,14.458040743965105,event_36,static_open_loop,static_open_loop,9
2028-10-13,9.850548654011218,100.0000000001971,7.142857100431117,1.1668722300930823,1.5408193234870209,15.763546798030134,event_36,static_open_loop,static_open_loop,10
2028-10-02,5.468280589783424,5.468280589783424,2.777356653431479,2.5760400518983055,0.11488388445363991,2.048032501131925,event_36,forecast_liquidity,forecast_liquidity,1
2028-10-03,6.38942607150385,11.857706661287274,3.3092548283319037,2.961300607687474,0.1188706354844728,2.2557352822458965,event_36,forecast_liquidity,forecast_liquidity,2
2028-10-04,7.789019630893321,19.646726292180595,4.041134078618055,3.584531308800267,0.16335424347499658,2.380349673324081,event_36,forecast_liquidity,forecast_liquidity,3
2028-10-05,9.44009670172356,29.086822993904157,5.040146314291007,4.201019492782473,0.1989308946500783,2.804026516305876,event_36,forecast_liquidity,forecast_liquidity,4
2028-10-06,10.974881639363034,40.06170463326719,6.01190304423437,4.638084340335841,0.3248942547928207,3.459626895775086,event_36,forecast_liquidity,forecast_liquidity,5
2028-10-09,12.189534538820315,52.25123917208751,7.076630794541648,4.646381795825972,0.46652194845269557,4.563998455250762,event_36,forecast_liquidity,forecast_liquidity,6
2028-10-10,12.910757946657187,65.1619971187447,7.4052233923506865,4.643837313997869,0.8616972403086319,5.94057249947027,event_36,forecast_liquidity,forecast_liquidity,7
2028-10-11,11.576813815656788,76.73881093440149,7.705683802989945,3.175060647237754,0.6960693654290867,8.176782251908092,event_36,forecast_liquidity,forecast_liquidity,8
2028-10-12,10.492627014656613,87.23143794905809,8.279608866219588,1.0094253831809716,1.2035927652560516,11.623892633984378,event_36,forecast_liquidity,forecast_liquidity,9
2028-10-13,12.768562051108022,100.00000000016611,9.06734393927696,0.7071762011374286,2.994041910693635,15.763546798029465,event_36,forecast_liquidity,forecast_liquidity,10
