date,symbol,trade_shares,trade_dollars,abs_pct_adv,cap_shares,cap_pct_adv,days_to_earnings,residual_shares_after,residual_dollars_after,trial
2026-07-01,U0_HK_financials,55434.166145774405,4323864.959370404,0.046195138454812004,120000.0,0.1,9.0,964565.8338542257,75236135.04062961,full_256
2026-07-01,U1_JP_it,-74770.14315915974,-4037587.7305946257,0.04984676210610649,150000.0,0.1,9.0,-1200229.8568408405,-64812412.26940539,full_256
2026-07-01,U2_US_healthcare,44438.69186481467,4977133.488859243,0.04937632429423852,90000.0,0.1,9.0,720561.3081351854,80702866.51114076,full_256
2026-07-01,U3_HK_it,-56557.29116812656,-3732781.217096353,0.05141571924375142,110000.0,0.1,9.0,-878442.7088318736,-57977218.78290366,full_256
2026-07-01,M0_HK_financials,-44572.99133813564,-3476693.32437458,0.037144159448446366,120000.0,0.1,9.0,-495427.0086618644,-38643306.67562542,full_256
2026-07-01,M1_JP_it,63339.178096120995,3420315.617190534,0.04222611873074733,150000.0,0.1,9.0,611660.821903879,33029684.382809468,full_256
2026-07-01,M2_US_healthcare,-36238.82263933171,-4058748.1356051513,0.040265358488146344,90000.0,0.1,9.0,-368761.1773606683,-41301251.86439485,full_256
2026-07-01,M3_HK_it,50429.256244822995,3328330.912158318,0.04584477840438454,110000.0,0.1,9.0,444570.743755177,29341669.087841682,full_256
2026-07-01,S0_HK_financials,2105.623783460603,164238.65510992706,0.0017546864862171693,120000.0,0.1,9.0,117894.3762165394,9195761.344890073,full_256
2026-07-01,S1_JP_it,4.987033403400001e-06,0.0002692998037836001,3.3246889356000007e-12,150000.0,0.1,9.0,-150000.00000498703,-8100000.000269299,full_256
2026-07-01,S2_US_healthcare,-1.5593043876934514e-05,-0.0017464209142166655,1.7325604307705015e-11,90000.0,0.1,9.0,90000.00001559305,10080000.001746422,full_256
2026-07-01,S3_HK_it,-1.1137033166501067e-06,-7.350441889890704e-05,1.012457560591006e-12,110000.0,0.1,9.0,-109999.9999988863,-7259999.999926495,full_256
2026-07-02,U0_HK_financials,65201.35896935418,5085705.999609626,0.05433446580779515,120000.0,0.1,8.0,899364.4748848715,70150429.04101998,full_256
2026-07-02,U1_JP_it,-83347.32390951099,-4500755.491113594,0.05556488260634066,150000.0,0.1,8.0,-1116882.5329313294,-60311656.77829179,full_256
2026-07-02,U2_US_healthcare,47678.0670618376,5339943.510925812,0.052975630068708444,90000.0,0.1,8.0,672883.2410733479,75362923.00021496,full_256
2026-07-02,U3_HK_it,-63495.98710436491,-4190735.148888084,0.05772362464033174,110000.0,0.1,8.0,-814946.7217275086,-53786483.63401557,full_256
2026-07-02,M0_HK_financials,-50644.42187464665,-3950264.906222439,0.04220368489553888,120000.0,0.1,8.0,-444782.5867872177,-34693041.76940298,full_256
2026-07-02,M1_JP_it,73097.51261416098,3947265.681164693,0.04873167507610732,150000.0,0.1,8.0,538563.309289718,29082418.701644775,full_256
2026-07-02,M2_US_healthcare,-42390.826834014326,-4747772.6054096045,0.047100918704460364,90000.0,0.1,8.0,-326370.3505266539,-36553479.25898524,full_256
2026-07-02,M3_HK_it,54140.61604561528,3573280.659010608,0.04921874185965026,110000.0,0.1,8.0,390430.1277095617,25768388.428831074,full_256
2026-07-02,S0_HK_financials,341.8674163252322,26665.658473368112,0.0002848895136043602,120000.0,0.1,8.0,117552.50880021417,9169095.686416706,full_256
2026-07-02,S1_JP_it,3.1197126245713475e-06,0.00016846448172685275,2.0798084163808985e-12,150000.0,0.1,8.0,-150000.00000810676,-8100000.000437764,full_256
2026-07-02,S2_US_healthcare,-1.5150356893364551e-05,-0.0016968399720568297,1.6833729881516167e-11,90000.0,0.1,8.0,90000.0000307434,10080000.00344326,full_256
2026-07-02,S3_HK_it,-1.8238302872236032e-06,-0.00012037279895675781,1.6580275338396393e-12,110000.0,0.1,8.0,-109999.99999706246,-7259999.999806123,full_256
2026-07-03,U0_HK_financials,75287.69082960444,5872439.884709147,0.0627397423580037,120000.0,0.1,7.0,824076.7840552671,64277989.156310834,full_256
2026-07-03,U1_JP_it,-94579.46376648445,-5107291.04339016,0.06305297584432297,150000.0,0.1,7.0,-1022303.069164845,-55204365.73490163,full_256
2026-07-03,U2_US_healthcare,57430.58912561666,6432225.982069066,0.06381176569512961,90000.0,0.1,7.0,615452.6519477312,68930697.01814589,full_256
2026-07-03,U3_HK_it,-71960.48700310869,-4749392.142205173,0.06541862454828062,110000.0,0.1,7.0,-742986.2347244,-49037091.4918104,full_256
2026-07-03,M0_HK_financials,-64073.33244898803,-4997719.931021066,0.053394443707490025,120000.0,0.1,7.0,-380709.25433822966,-29695321.838381913,full_256
2026-07-03,M1_JP_it,88307.28345763836,4768593.306712472,0.05887152230509224,150000.0,0.1,7.0,450256.02583207964,24313825.3949323,full_256
2026-07-03,M2_US_healthcare,-46891.0530247466,-5251797.938771619,0.05210117002749622,90000.0,0.1,7.0,-279479.29750190733,-31301681.320213623,full_256
2026-07-03,M3_HK_it,62236.48253495644,4107607.847307125,0.05657862048632404,110000.0,0.1,7.0,328193.6451746053,21660780.58152395,full_256
2026-07-03,S0_HK_financials,52.56061755566523,4099.728169341888,4.380051462972103e-05,120000.0,0.1,7.0,117499.9481826585,9164995.958247364,full_256
2026-07-03,S1_JP_it,3.727579452839496e-06,0.0002012892904533328,2.485052968559664e-12,150000.0,0.1,7.0,-150000.00001183432,-8100000.000639053,full_256
2026-07-03,S2_US_healthcare,-1.4906419029848977e-05,-0.0016695189313430854,1.6562687810943308e-11,90000.0,0.1,7.0,90000.00004564982,10080000.00511278,full_256
2026-07-03,S3_HK_it,-1.1960474068823962e-06,-7.893912885423815e-05,1.087315824438542e-12,110000.0,0.1,7.0,-109999.99999586641,-7259999.999727183,full_256
2026-07-06,U0_HK_financials,104076.78085388808,8117988.90660327,0.0867306507115734,120000.0,0.1,6.0,720000.003201379,56160000.24970756,full_256
2026-07-06,U1_JP_it,-122303.07064231225,-6604365.814684861,0.08153538042820817,150000.0,0.1,6.0,-899999.9985225329,-48599999.92021678,full_256
2026-07-06,U2_US_healthcare,75452.57181892263,8450688.043719335,0.08383619090991404,90000.0,0.1,6.0,540000.0801288085,60480008.97442655,full_256
2026-07-06,U3_HK_it,-86716.65490120869,-5723299.223479774,0.07883332263746244,110000.0,0.1,6.0,-656269.5798231913,-43313792.268330626,full_256
2026-07-06,M0_HK_financials,-78637.95265618163,-6133760.307182168,0.0655316272134847,120000.0,0.1,6.0,-302071.301682048,-23561561.531199746,full_256
2026-07-06,M1_JP_it,102066.19758937771,5511574.669826397,0.0680441317262518,150000.0,0.1,6.0,348189.82824270194,18802250.725105904,full_256
2026-07-06,M2_US_healthcare,-55117.91802750437,-6173206.81908049,0.06124213114167152,90000.0,0.1,6.0,-224361.379474403,-25128474.501133136,full_256
2026-07-06,M3_HK_it,71526.65454685858,4720759.200092667,0.06502423140623508,110000.0,0.1,6.0,256666.99062774668,16940021.38143128,full_256
2026-07-06,S0_HK_financials,2987.971099393154,233061.745752666,0.0024899759161609615,120000.0,0.1,6.0,114511.97708326534,8931934.212494697,full_256
2026-07-06,S1_JP_it,3.767398247334213e-06,0.0002034395053560475,2.5115988315561423e-12,150000.0,0.1,6.0,-150000.00001560172,-8100000.000842493,full_256
2026-07-06,S2_US_healthcare,-1.114435736046943e-05,-0.001248168024372576,1.2382619289410477e-11,90000.0,0.1,6.0,90000.00005679418,10080000.006360948,full_256
2026-07-06,S3_HK_it,-8.754935461497788e-07,-5.77825740458854e-05,7.959032237725262e-13,110000.0,0.1,6.0,-109999.99999499093,-7259999.999669401,full_256
2026-07-07,U0_HK_financials,120000.00038434802,9360000.029979145,0.10000000032029002,120000.0,0.1,5.0,600000.002817031,46800000.21972842,full_256
2026-07-07,U1_JP_it,-149999.9997831685,-8099999.988291099,0.09999999985544566,150000.0,0.1,5.0,-749999.9987393643,-40499999.93192568,full_256
2026-07-07,U2_US_healthcare,90000.00981324821,10080001.0990838,0.10000001090360912,90000.0,0.1,5.0,450000.0703155603,50400007.87534276,full_256
2026-07-07,U3_HK_it,-106269.5798595446,-7013792.270729943,0.09660870896322236,110000.0,0.1,5.0,-549999.9999636468,-36299999.99760069,full_256
2026-07-07,M0_HK_financials,-88260.17567318874,-6884293.702508722,0.07355014639432396,120000.0,0.1,5.0,-213811.12600885925,-16677267.828691022,full_256
2026-07-07,M1_JP_it,109130.82487474784,5893064.543236383,0.0727538832498319,150000.0,0.1,5.0,239059.0033679541,12909186.181869522,full_256
2026-07-07,M2_US_healthcare,-60474.76425492391,-6773173.596551478,0.06719418250547102,90000.0,0.1,5.0,-163886.61521947908,-18355300.90458166,full_256
2026-07-07,M3_HK_it,75951.42821892157,5012794.262448824,0.06904675292629234,110000.0,0.1,5.0,180715.5624088251,11927227.118982457,full_256
2026-07-07,S0_HK_financials,5320.413971202616,414992.28975380404,0.004433678309335514,120000.0,0.1,5.0,109191.56311206272,8516941.922740892,full_256
2026-07-07,S1_JP_it,3.527629364210676e-06,0.00019049198566737648,2.351752909473784e-12,150000.0,0.1,5.0,-150000.00001912937,-8100000.001032986,full_256
2026-07-07,S2_US_healthcare,-5.157810839525916e-06,-0.0005776748140269026,5.7309009328065735e-12,90000.0,0.1,5.0,90000.00006195199,10080000.006938621,full_256
2026-07-07,S3_HK_it,-1882.9112381639309,-124272.14171881943,0.0017117374892399373,110000.0,0.1,5.0,-108117.088756827,-7135727.857950582,full_256
2026-07-08,U0_HK_financials,120000.00042178875,9360000.032899523,0.10000000035149062,120000.0,0.1,4.0,480000.0023952422,37440000.1868289,full_256
2026-07-08,U1_JP_it,-149999.99973991033,-8099999.985955158,0.09999999982660689,150000.0,0.1,4.0,-599999.998999454,-32399999.945970513,full_256
2026-07-08,U2_US_healthcare,90000.01190227144,10080001.333054401,0.10000001322474604,90000.0,0.1,4.0,360000.0584132889,40320006.542288356,full_256
2026-07-08,U3_HK_it,-109999.99992372749,-7259999.994966014,0.09999999993066136,110000.0,0.1,4.0,-440000.0000399192,-29040000.002634667,full_256
2026-07-08,M0_HK_financials,-86124.1236965956,-6717681.648334458,0.07177010308049633,120000.0,0.1,4.0,-127687.00231226365,-9959586.180356564,full_256
2026-07-08,M1_JP_it,108995.49316630028,5885756.630980215,0.07266366211086685,150000.0,0.1,4.0,130063.51020165381,7023429.550889306,full_256
2026-07-08,M2_US_healthcare,-62282.50739098099,-6975640.827789871,0.06920278598997888,90000.0,0.1,4.0,-101604.10782849812,-11379660.07679179,full_256
2026-07-08,M3_HK_it,75216.65346613458,4964299.128764883,0.06837877587830417,110000.0,0.1,4.0,105498.90894269053,6962927.990217575,full_256
2026-07-08,S0_HK_financials,13459.803399150906,1049864.6651337706,0.011216502832625755,120000.0,0.1,4.0,95731.75971291182,7467077.257607122,full_256
2026-07-08,S1_JP_it,3.341872950387749e-06,0.00018046113932093845,2.2279153002584994e-12,150000.0,0.1,4.0,-150000.0000224712,-8100000.001213445,full_256
2026-07-08,S2_US_healthcare,4592.414252184662,514350.3962446821,0.005102682502427402,90000.0,0.1,4.0,85407.58580976733,9565649.61069394,full_256
2026-07-08,S3_HK_it,-4168.893492020815,-275146.9704733738,0.003789903174564377,110000.0,0.1,4.0,-103948.19526480619,-6860580.887477208,full_256
2026-07-09,U0_HK_financials,120000.00045632164,9360000.035593087,0.10000000038026803,120000.0,0.1,3.0,360000.0019389206,28080000.151235804,full_256
2026-07-09,U1_JP_it,-149999.9996404365,-8099999.980583571,0.09999999976029099,150000.0,0.1,3.0,-449999.99935901747,-24299999.965386942,full_256
2026-07-09,U2_US_healthcare,90000.01411188091,10080001.580530662,0.10000001567986767,90000.0,0.1,3.0,270000.044301408,30240004.961757697,full_256
2026-07-09,U3_HK_it,-110000.00000670215,-7260000.000442342,0.10000000000609285,110000.0,0.1,3.0,-330000.00003321713,-21780000.00219233,full_256
2026-07-09,M0_HK_financials,-78904.93773074693,-6154585.14299826,0.06575411477562244,120000.0,0.1,3.0,-48782.06458151672,-3805001.0373583045,full_256
2026-07-09,M1_JP_it,92787.40630207506,5010519.940312053,0.06185827086805004,150000.0,0.1,3.0,37276.1038995788,2012909.610577255,full_256
2026-07-09,M2_US_healthcare,-62286.429867354214,-6976080.145143672,0.06920714429706024,90000.0,0.1,3.0,-39317.6779611439,-4403579.931648117,full_256
2026-07-09,M3_HK_it,65246.84662169718,4306291.877032014,0.0593153151106338,110000.0,0.1,3.0,40252.06232099334,2656636.1131855603,full_256
2026-07-09,S0_HK_financials,21781.427538139644,1698951.3479748922,0.01815118961511637,120000.0,0.1,3.0,73950.33217477218,5768125.90963223,full_256
2026-07-09,S1_JP_it,2.5635303841246254e-06,0.00013843064074272978,1.7090202560830837e-12,150000.0,0.1,3.0,-150000.00002503477,-8100000.001351877,full_256
2026-07-09,S2_US_healthcare,8543.260626553125,956845.19017395,0.00949251180728125,90000.0,0.1,3.0,76864.3251832142,8608804.42051999,full_256
2026-07-09,S3_HK_it,-8539.528202374053,-563608.8613566875,0.007763207456703685,110000.0,0.1,3.0,-95408.66706243213,-6296972.02612052,full_256
2026-07-10,U0_HK_financials,120000.00065494463,9360000.05108568,0.10000000054578718,120000.0,0.1,2.0,240000.0012839759,18720000.10015012,full_256
2026-07-10,U1_JP_it,-149999.99979139923,-8099999.988735558,0.09999999986093282,150000.0,0.1,2.0,-299999.99956761824,-16199999.976651385,full_256
2026-07-10,U2_US_healthcare,90000.01467383833,10080001.643469892,0.10000001630426482,90000.0,0.1,2.0,180000.0296275696,20160003.318287797,full_256
2026-07-10,U3_HK_it,-109999.99994856473,-7259999.996605272,0.09999999995324066,110000.0,0.1,2.0,-220000.00008465245,-14520000.005587062,full_256
2026-07-10,M0_HK_financials,-48782.0645767179,-3805001.036983996,0.04065172048059825,120000.0,0.1,2.0,-4.798872396349907e-06,-0.00037431204691529274,full_256
2026-07-10,M1_JP_it,37276.1039040274,2012909.6108174794,0.024850735936018265,150000.0,0.1,2.0,-4.44857869297266e-06,-0.00024022324942052364,full_256
2026-07-10,M2_US_healthcare,-39317.67798665199,-4403579.934505022,0.043686308874057764,90000.0,0.1,2.0,2.5508110411465168e-05,0.002856908366084099,full_256
2026-07-10,M3_HK_it,40252.06232881378,2656636.1137017095,0.036592783935285256,110000.0,0.1,2.0,-7.820432074368e-06,-0.000516148516908288,full_256
2026-07-10,S0_HK_financials,23262.597991159197,1814482.6433104174,0.019385498325965998,120000.0,0.1,2.0,50687.73418361298,3953643.2663218123,full_256
2026-07-10,S1_JP_it,-14304.94344089138,-772466.9458081345,0.009536628960594254,150000.0,0.1,2.0,-135695.05658414337,-7327533.055543742,full_256
2026-07-10,S2_US_healthcare,17449.358529191242,1954328.155269419,0.019388176143545825,90000.0,0.1,2.0,59414.96665402296,6654476.265250571,full_256
2026-07-10,S3_HK_it,-16355.105883983335,-1079436.9883429,0.014868278076348487,110000.0,0.1,2.0,-79053.56117844878,-5217535.037777619,full_256
2026-07-13,U0_HK_financials,120000.00068634703,9360000.053535068,0.10000000057195586,120000.0,0.1,1.0,120000.00059762888,9360000.046615053,full_256
2026-07-13,U1_JP_it,-149999.99981342285,-8099999.989924834,0.09999999987561524,150000.0,0.1,1.0,-149999.99975419533,-8099999.9867265485,full_256
2026-07-13,U2_US_healthcare,90000.01497920815,10080001.677671313,0.10000001664356462,90000.0,0.1,1.0,90000.01464836148,10080001.640616486,full_256
2026-07-13,U3_HK_it,-110000.00003945998,-7260000.002604359,0.10000000003587271,110000.0,0.1,1.0,-110000.00004519243,-7260000.0029827,full_256
2026-07-13,M0_HK_financials,-1.5595270115105503e-06,-0.00012164310689782292,1.2996058429254586e-12,120000.0,0.1,1.0,-3.239372745156288e-06,-0.0002526710741221905,full_256
2026-07-13,M1_JP_it,-2.1723015556219972e-06,-0.00011730428400358785,1.4482010370813315e-12,150000.0,0.1,1.0,-2.2762687876820564e-06,-0.00012291851453483105,full_256
2026-07-13,M2_US_healthcare,1.3079132329866531e-05,0.0014648628209450515,1.4532369255407257e-11,90000.0,0.1,1.0,1.2428965419530869e-05,0.0013920441269874573,full_256
2026-07-13,M3_HK_it,-3.795845270049433e-06,-0.0002505257878232626,3.4507684273176665e-12,110000.0,0.1,1.0,-4.0245940908789635e-06,-0.0002656232099980116,full_256
2026-07-13,S0_HK_financials,27272.064896566113,2127221.061932157,0.022726720747138426,120000.0,0.1,1.0,23415.66928704687,1826422.2043896557,full_256
2026-07-13,S1_JP_it,-43685.63049458796,-2359024.04670775,0.02912375366305864,150000.0,0.1,1.0,-92009.42608955542,-4968509.008835993,full_256
2026-07-13,S2_US_healthcare,20270.241568674184,2270267.0556915086,0.022522490631860206,90000.0,0.1,1.0,39144.72508534878,4384209.209559063,full_256
2026-07-13,S3_HK_it,-29925.480749711194,-1975081.7294809388,0.02720498249973745,110000.0,0.1,1.0,-49128.080428737594,-3242453.3082966814,full_256
2026-07-14,U0_HK_financials,120000.00059762436,9360000.046614699,0.1000000004980203,120000.0,0.1,0.0,4.540197551250458e-09,3.541354089975357e-07,full_256
2026-07-14,U1_JP_it,-149999.9997542024,-8099999.98672693,0.09999999983613493,150000.0,0.1,0.0,6.984919309616089e-09,3.771856427192688e-07,full_256
2026-07-14,U2_US_healthcare,90000.0146483033,10080001.64060997,0.10000001627589256,90000.0,0.1,0.0,5.820766091346741e-08,6.51925802230835e-06,full_256
2026-07-14,U3_HK_it,-110000.00004519155,-7260000.0029826425,0.10000000004108323,110000.0,0.1,0.0,-8.149072527885437e-10,-5.3783878684043884e-08,full_256
2026-07-14,M0_HK_financials,-3.233269733037196e-06,-0.0002521950391769013,2.6943914441976635e-12,120000.0,0.1,0.0,-6.05359673500061e-09,-4.721805453300476e-07,full_256
2026-07-14,M1_JP_it,-2.2734409274151923e-06,-0.00012276581008042038,1.5156272849434615e-12,150000.0,0.1,0.0,-2.7939677238464355e-09,-1.5087425708770752e-07,full_256
2026-07-14,M2_US_healthcare,1.2420260493721052e-05,0.0013910691752967578,1.3800289437467835e-11,90000.0,0.1,0.0,8.731149137020111e-09,9.778887033462524e-07,full_256
2026-07-14,M3_HK_it,-4.018157391267982e-06,-0.0002651983878236868,3.6528703556981655e-12,110000.0,0.1,0.0,-6.461050361394882e-09,-4.264293238520622e-07,full_256
2026-07-14,S0_HK_financials,23415.669287050372,1826422.204389929,0.019513057739208643,120000.0,0.1,0.0,-3.5070115700364113e-09,-2.735469024628401e-07,full_256
2026-07-14,S1_JP_it,-92009.42608955603,-4968509.008836025,0.06133961739303735,150000.0,0.1,0.0,6.111804395914078e-10,3.300374373793602e-08,full_256
2026-07-14,S2_US_healthcare,39144.72508534685,4384209.209558847,0.04349413898371872,90000.0,0.1,0.0,1.9208528101444244e-09,2.1513551473617554e-07,full_256
2026-07-14,S3_HK_it,-49128.08042873667,-3242453.3082966204,0.044661891298851515,110000.0,0.1,0.0,-9.313225746154785e-10,-6.146728992462158e-08,full_256
2026-07-01,U0_HK_financials,56688.98335694251,4421740.7018415155,0.04724081946411876,120000.0,0.1,9.0,963311.0166430576,75138259.2981585,reduced_96
2026-07-01,U1_JP_it,-72852.5984109415,-3934040.314190841,0.048568398940627665,150000.0,0.1,9.0,-1202147.4015890588,-64915959.68580917,reduced_96
2026-07-01,U2_US_healthcare,43655.19812845874,4889382.190387378,0.048505775698287484,90000.0,0.1,9.0,721344.8018715414,80790617.80961263,reduced_96
2026-07-01,U3_HK_it,-55679.19339783549,-3674826.7642571423,0.05061744854348681,110000.0,0.1,9.0,-879320.8066021646,-58035173.23574287,reduced_96
2026-07-01,M0_HK_financials,-45269.22270642347,-3530999.3711010306,0.03772435225535289,120000.0,0.1,9.0,-494730.7772935765,-38589000.62889897,reduced_96
2026-07-01,M1_JP_it,65220.88294886954,3521927.679238955,0.04348058863257969,150000.0,0.1,9.0,609779.1170511305,32928072.320761047,reduced_96
2026-07-01,M2_US_healthcare,-36739.45058199111,-4114818.465183004,0.0408216117577679,90000.0,0.1,9.0,-368260.5494180089,-41245181.534816995,reduced_96
2026-07-01,M3_HK_it,47987.56939042416,3167179.5797679946,0.043625063082203784,110000.0,0.1,9.0,447012.4306095758,29502820.420232005,reduced_96
2026-07-01,S0_HK_financials,2205.78195344243,172050.99236850956,0.0018381516278686918,120000.0,0.1,9.0,117794.21804655757,9187949.00763149,reduced_96
2026-07-01,S1_JP_it,-1.843039143188585e-05,-0.000995241137321836,1.2286927621257234e-11,150000.0,0.1,9.0,-149999.99998156962,-8099999.99900476,reduced_96
2026-07-01,S2_US_healthcare,-1.8550003826912556e-05,-0.0020776004286142064,2.0611115363236172e-11,90000.0,0.1,9.0,90000.00001855001,10080000.002077602,reduced_96
2026-07-01,S3_HK_it,-1.5242145749883012e-06,-0.00010059816194922787,1.3856496136257284e-12,110000.0,0.1,9.0,-109999.99999847579,-7259999.999899402,reduced_96
2026-07-02,U0_HK_financials,62965.91580085877,4911341.432466984,0.05247159650071564,120000.0,0.1,8.0,900345.1008421988,70226917.86569151,reduced_96
2026-07-02,U1_JP_it,-81415.8318031444,-4396454.917369798,0.05427722120209627,150000.0,0.1,8.0,-1120731.5697859144,-60519504.768439375,reduced_96
2026-07-02,U2_US_healthcare,48660.08868208354,5449929.932393356,0.05406676520231504,90000.0,0.1,8.0,672684.7131894578,75340687.87721927,reduced_96
2026-07-02,U3_HK_it,-62220.48383258451,-4106551.9329505777,0.05656407621144047,110000.0,0.1,8.0,-817100.3227695802,-53928621.30279229,reduced_96
2026-07-02,M0_HK_financials,-54239.37787127403,-4230671.473959374,0.04519948155939502,120000.0,0.1,8.0,-440491.3994223025,-34358329.15493959,reduced_96
2026-07-02,M1_JP_it,77496.91091632965,4184833.1894818014,0.0516646072775531,150000.0,0.1,8.0,532282.2061348008,28743239.131279245,reduced_96
2026-07-02,M2_US_healthcare,-41605.52194270422,-4659818.457582872,0.0462283577141158,90000.0,0.1,8.0,-326655.02747530467,-36585363.07723412,reduced_96
2026-07-02,M3_HK_it,53990.037432562196,3563342.4705491047,0.049081852211420175,110000.0,0.1,8.0,393022.3931770136,25939477.9496829,reduced_96
2026-07-02,S0_HK_financials,-7.335167782986783e-06,-0.0005721430870729691,6.112639819155652e-12,120000.0,0.1,8.0,117794.21805389274,9187949.008203633,reduced_96
2026-07-02,S1_JP_it,-2.1861012196942427e-05,-0.001180494658634891,1.4574008131294952e-11,150000.0,0.1,8.0,-149999.9999597086,-8099999.997824265,reduced_96
2026-07-02,S2_US_healthcare,-2.202388301502607e-05,-0.00246667489768292,2.4470981127806744e-11,90000.0,0.1,8.0,90000.00004057388,10080000.004544275,reduced_96
2026-07-02,S3_HK_it,-6.871392355554296e-06,-0.00045351189546658356,6.246720323231178e-12,110000.0,0.1,8.0,-109999.99999160439,-7259999.99944589,reduced_96
2026-07-03,U0_HK_financials,75446.22860170793,5884805.830933219,0.06287185716808995,120000.0,0.1,7.0,824898.872240491,64342112.0347583,reduced_96
2026-07-03,U1_JP_it,-95041.2092349135,-5132225.298685329,0.06336080615660901,150000.0,0.1,7.0,-1025690.3605510008,-55387279.46975404,reduced_96
2026-07-03,U2_US_healthcare,57851.33365691062,6479349.369573989,0.06427925961878958,90000.0,0.1,7.0,614833.3795325472,68861338.50764528,reduced_96
2026-07-03,U3_HK_it,-70936.52623181093,-4681810.731299521,0.06448775111982812,110000.0,0.1,7.0,-746163.7965377693,-49246810.57149277,reduced_96
2026-07-03,M0_HK_financials,-64929.96821192447,-5064537.520530108,0.05410830684327039,120000.0,0.1,7.0,-375561.431210378,-29293791.634409484,reduced_96
2026-07-03,M1_JP_it,92428.20307812313,4991122.966218649,0.06161880205208209,150000.0,0.1,7.0,439854.00305667764,23752116.16506059,reduced_96
2026-07-03,M2_US_healthcare,-45814.076916503305,-5131176.61464837,0.050904529907225896,90000.0,0.1,7.0,-280840.95055880136,-31454186.46258575,reduced_96
2026-07-03,M3_HK_it,63117.49413315988,4165754.6127885524,0.05737954012105444,110000.0,0.1,7.0,329904.89904385374,21773723.33689435,reduced_96
2026-07-03,S0_HK_financials,223.74257353096533,17451.920735415297,0.00018645214460913777,120000.0,0.1,7.0,117570.47548036177,9170497.087468218,reduced_96
2026-07-03,S1_JP_it,-1.873257204771647e-05,-0.0010115588905766893,1.2488381365144313e-11,150000.0,0.1,7.0,-149999.99994097603,-8099999.996812706,reduced_96
2026-07-03,S2_US_healthcare,-1.8912172711301825e-05,-0.0021181633436658043,2.1013525234779804e-11,90000.0,0.1,7.0,90000.00005948606,10080000.00666244,reduced_96
2026-07-03,S3_HK_it,-5.213113265120625e-06,-0.00034406547549796127,4.739193877382386e-12,110000.0,0.1,7.0,-109999.99998639128,-7259999.999101825,reduced_96
2026-07-06,U0_HK_financials,104898.86836156716,8182111.732202238,0.0874157236346393,120000.0,0.1,6.0,720000.0038789238,56160000.30255606,reduced_96
2026-07-06,U1_JP_it,-125690.372892186,-6787280.136178044,0.083793581928124,150000.0,0.1,6.0,-899999.9876588148,-48599999.333575994,reduced_96
2026-07-06,U2_US_healthcare,74833.35143989298,8381335.361268014,0.08314816826654776,90000.0,0.1,6.0,540000.0280926542,60480003.146377265,reduced_96
2026-07-06,U3_HK_it,-88108.28281678449,-5815146.665907776,0.08009843892434954,110000.0,0.1,6.0,-658055.5137209847,-43431663.90558499,reduced_96
2026-07-06,M0_HK_financials,-76635.56426518997,-5977574.012684817,0.06386297022099165,120000.0,0.1,6.0,-298925.866945188,-23316217.621724665,reduced_96
2026-07-06,M1_JP_it,103455.47723436345,5586595.770655626,0.0689703181562423,150000.0,0.1,6.0,336398.5258223142,18165520.394404966,reduced_96
2026-07-06,M2_US_healthcare,-54690.989244444725,-6125390.79537781,0.060767765827160806,90000.0,0.1,6.0,-226149.96131435662,-25328795.66720794,reduced_96
2026-07-06,M3_HK_it,70687.63335584517,4665383.801485782,0.06426148486895016,110000.0,0.1,6.0,259217.26568800857,17108339.535408564,reduced_96
2026-07-06,S0_HK_financials,3559.9485864801113,277675.9897454487,0.0029666238220667595,120000.0,0.1,6.0,114010.52689388166,8892821.097722769,reduced_96
2026-07-06,S1_JP_it,-1.3281958509561292e-05,-0.0007172257595163097,8.854639006374194e-12,150000.0,0.1,6.0,-149999.99992769407,-8099999.9960954795,reduced_96
2026-07-06,S2_US_healthcare,-1.5399810533192504e-05,-0.0017247787797175604,1.7110900592436114e-11,90000.0,0.1,6.0,90000.00007488587,10080000.008387217,reduced_96
2026-07-06,S3_HK_it,-6.582091646307588e-06,-0.0004344180486563008,5.983719678461443e-12,110000.0,0.1,6.0,-109999.99997980919,-7259999.998667407,reduced_96
2026-07-07,U0_HK_financials,120000.00058972722,9360000.045998722,0.10000000049143935,120000.0,0.1,5.0,600000.0032891965,46800000.25655733,reduced_96
2026-07-07,U1_JP_it,-149999.9990535719,-8099999.948892882,0.09999999936904794,150000.0,0.1,5.0,-749999.9886052429,-40499999.38468312,reduced_96
2026-07-07,U2_US_healthcare,90000.00447807928,10080000.50154488,0.10000000497564365,90000.0,0.1,5.0,450000.0236145749,50400002.64483239,reduced_96
2026-07-07,U3_HK_it,-108055.52144120437,-7131664.415119489,0.0982322922192767,110000.0,0.1,5.0,-549999.9922797803,-36299999.4904655,reduced_96
2026-07-07,M0_HK_financials,-87460.94385371894,-6821953.620590078,0.07288411987809912,120000.0,0.1,5.0,-211464.9230914691,-16494264.00113459,reduced_96
2026-07-07,M1_JP_it,107360.04475997621,5797442.417038715,0.07157336317331747,150000.0,0.1,5.0,229038.481062338,12368077.977366252,reduced_96
2026-07-07,M2_US_healthcare,-62895.61735114283,-7044309.143327997,0.06988401927904758,90000.0,0.1,5.0,-163254.3439632138,-18284486.523879945,reduced_96
2026-07-07,M3_HK_it,74823.71162343715,4938364.967146852,0.0680215560213065,110000.0,0.1,5.0,184393.5540645714,12169974.568261713,reduced_96
2026-07-07,S0_HK_financials,6335.295015361538,494153.0111982,0.005279412512801282,120000.0,0.1,5.0,107675.23187852012,8398668.086524568,reduced_96
2026-07-07,S1_JP_it,-9.426505258819739e-06,-0.0005090312839762659,6.284336839213159e-12,150000.0,0.1,5.0,-149999.99991826757,-8099999.995586448,reduced_96
2026-07-07,S2_US_healthcare,-1.021144730051372e-05,-0.0011436820976575366,1.1346052556126356e-11,90000.0,0.1,5.0,90000.00008509732,10080000.0095309,reduced_96
2026-07-07,S3_HK_it,-1575.3750242389972,-103974.75159977381,0.001432159112944543,110000.0,0.1,5.0,-108424.6249555702,-7156025.247067633,reduced_96
2026-07-08,U0_HK_financials,119999.99974671661,9359999.980243895,0.09999999978893051,120000.0,0.1,4.0,480000.00354247994,37440000.27631344,reduced_96
2026-07-08,U1_JP_it,-149999.99876273237,-8099999.933187548,0.09999999917515491,150000.0,0.1,4.0,-599999.9898425105,-32399999.45149557,reduced_96
2026-07-08,U2_US_healthcare,90000.0049931551,10080000.559233371,0.10000000554795012,90000.0,0.1,4.0,360000.0186214198,40320002.08559902,reduced_96
2026-07-08,U3_HK_it,-109999.99935987024,-7259999.957751436,0.09999999941806385,110000.0,0.1,4.0,-439999.9929199101,-29039999.53271407,reduced_96
2026-07-08,M0_HK_financials,-87473.08897942187,-6822900.940394905,0.07289424081618488,120000.0,0.1,4.0,-123991.83411204722,-9671363.060739683,reduced_96
2026-07-08,M1_JP_it,103481.48589322585,5588000.238234196,0.06898765726215057,150000.0,0.1,4.0,125556.99516911211,6780077.739132054,reduced_96
2026-07-08,M2_US_healthcare,-61785.110613880184,-6919932.38875458,0.06865012290431131,90000.0,0.1,4.0,-101469.23334933363,-11364554.135125367,reduced_96
2026-07-08,M3_HK_it,75874.63157596652,5007725.68401379,0.0689769377963332,110000.0,0.1,4.0,108518.9224886049,7162248.884247923,reduced_96
2026-07-08,S0_HK_financials,12834.801943490236,1001114.5515922385,0.010695668286241864,120000.0,0.1,4.0,94840.42993502988,7397553.534932331,reduced_96
2026-07-08,S1_JP_it,-7.661245360643063e-06,-0.0004137072494747254,5.107496907095375e-12,150000.0,0.1,4.0,-149999.9999106063,-8099999.995172741,reduced_96
2026-07-08,S2_US_healthcare,3350.9525342485535,375306.683835838,0.003723280593609504,90000.0,0.1,4.0,86649.04755084876,9704693.32569506,reduced_96
2026-07-08,S3_HK_it,-4330.744759667241,-285829.1541380379,0.0039370406906065825,110000.0,0.1,4.0,-104093.88019590295,-6870196.092929595,reduced_96
2026-07-09,U0_HK_financials,120000.00059330388,9360000.046277702,0.1000000004944199,120000.0,0.1,3.0,360000.002949176,28080000.23003573,reduced_96
2026-07-09,U1_JP_it,-149999.99778340632,-8099999.880303941,0.09999999852227087,150000.0,0.1,3.0,-449999.99205910426,-24299999.57119163,reduced_96
2026-07-09,U2_US_healthcare,90000.00558364273,10080000.625367986,0.10000000620404749,90000.0,0.1,3.0,270000.01303777704,30240001.46023103,reduced_96
2026-07-09,U3_HK_it,-109999.99871826735,-7259999.915405645,0.0999999988347885,110000.0,0.1,3.0,-329999.9942016428,-21779999.617308427,reduced_96
2026-07-09,M0_HK_financials,-77308.86258350292,-6030091.281513228,0.0644240521529191,120000.0,0.1,3.0,-46682.97152854432,-3641271.7792264572,reduced_96
2026-07-09,M1_JP_it,89187.1711089457,4816107.239883067,0.059458114072630464,150000.0,0.1,3.0,36369.82406016637,1963970.499248984,reduced_96
2026-07-09,M2_US_healthcare,-61973.56791454253,-6941039.606428764,0.06885951990504725,90000.0,0.1,3.0,-39495.665434791124,-4423514.528696606,reduced_96
2026-07-09,M3_HK_it,66952.38429241965,4418857.363299697,0.06086580390219968,110000.0,0.1,3.0,41566.538196185254,2743391.5209482266,reduced_96
2026-07-09,S0_HK_financials,23665.200181807202,1845885.6141809619,0.019721000151506,120000.0,0.1,3.0,71175.22975322268,5551667.920751369,reduced_96
2026-07-09,S1_JP_it,-822.4716371240432,-44413.46840469834,0.0005483144247493621,150000.0,0.1,3.0,-149177.52827348228,-8055586.526768044,reduced_96
2026-07-09,S2_US_healthcare,6221.9335391446675,696856.5563842028,0.006913259487938519,90000.0,0.1,3.0,80427.11401170409,9007836.769310858,reduced_96
2026-07-09,S3_HK_it,-8236.203712989225,-543589.4450572889,0.0074874579208992955,110000.0,0.1,3.0,-95857.67648291372,-6326606.6478723055,reduced_96
2026-07-10,U0_HK_financials,120000.00039377845,9360000.030714719,0.10000000032814871,120000.0,0.1,2.0,240000.00255539757,18720000.19932101,reduced_96
2026-07-10,U1_JP_it,-149999.9974190118,-8099999.860626638,0.09999999827934121,150000.0,0.1,2.0,-299999.9946400925,-16199999.710564993,reduced_96
2026-07-10,U2_US_healthcare,90000.00457544682,10080000.512450043,0.1000000050838298,90000.0,0.1,2.0,180000.0084623302,20160000.94778098,reduced_96
2026-07-10,U3_HK_it,-109999.99803242706,-7259999.870140186,0.09999999821129732,110000.0,0.1,2.0,-219999.99616921577,-14519999.747168241,reduced_96
2026-07-10,M0_HK_financials,-46682.97153402941,-3641271.7796542943,0.03890247627835784,120000.0,0.1,2.0,5.485140718519688e-06,0.00042784097604453564,reduced_96
2026-07-10,M1_JP_it,36369.82405380513,1963970.498905477,0.02424654936920342,150000.0,0.1,2.0,6.361282430589199e-06,0.00034350925125181675,reduced_96
2026-07-10,M2_US_healthcare,-39004.76612450772,-4368533.805944865,0.0433386290272308,90000.0,0.1,2.0,-490.8993102834211,-54980.72275174316,reduced_96
2026-07-10,M3_HK_it,41566.53817695113,2743391.5196787748,0.03778776197904648,110000.0,0.1,2.0,1.923413947224617e-05,0.0012694532051682472,reduced_96
2026-07-10,S0_HK_financials,22070.984983139344,1721536.8286848688,0.018392487485949453,120000.0,0.1,2.0,49104.24477008334,3830131.092066501,reduced_96
2026-07-10,S1_JP_it,-14636.680269193897,-790380.7345364705,0.009757786846129265,150000.0,0.1,2.0,-134540.8480042884,-7265205.792231573,reduced_96
2026-07-10,S2_US_healthcare,17885.586449561823,2003185.6823509242,0.019872873832846468,90000.0,0.1,2.0,62541.52756214228,7004651.086959935,reduced_96
2026-07-10,S3_HK_it,-17534.934652139073,-1157305.6870411788,0.015940849683762793,110000.0,0.1,2.0,-78322.74183077466,-5169300.960831127,reduced_96
2026-07-13,U0_HK_financials,120000.00124198892,9360000.096875137,0.10000000103499077,120000.0,0.1,1.0,120000.0013134086,9360000.10244587,reduced_96
2026-07-13,U1_JP_it,-149999.9975430578,-8099999.867325122,0.09999999836203853,150000.0,0.1,1.0,-149999.9970970347,-8099999.843239874,reduced_96
2026-07-13,U2_US_healthcare,90000.00422633272,10080000.473349264,0.10000000469592524,90000.0,0.1,1.0,90000.00423599745,10080000.474431714,reduced_96
2026-07-13,U3_HK_it,-109999.99802823395,-7259999.869863441,0.09999999820748541,110000.0,0.1,1.0,-109999.99814098177,-7259999.877304797,reduced_96
2026-07-13,M0_HK_financials,1.9815017727016208e-06,0.00015455713827072643,1.6512514772513507e-12,120000.0,0.1,1.0,3.50363552570343e-06,0.00027328357100486755,reduced_96
2026-07-13,M1_JP_it,1.1806539308939661e-06,6.375531226827417e-05,7.871026205959774e-13,150000.0,0.1,1.0,5.180598236620426e-06,0.000279752304777503,reduced_96
2026-07-13,M2_US_healthcare,-490.8993192635763,-54980.72375752054,0.0005454436880706403,90000.0,0.1,1.0,8.980161510407925e-06,0.0010057780891656876,reduced_96
2026-07-13,M3_HK_it,7.849797632421637e-06,0.000518086643739828,7.136179665837852e-12,110000.0,0.1,1.0,1.1384370736777782e-05,0.0007513684686273336,reduced_96
2026-07-13,S0_HK_financials,26112.17347751387,2036749.5312460817,0.02176014456459489,120000.0,0.1,1.0,22992.071292569482,1793381.5608204196,reduced_96
2026-07-13,S1_JP_it,-42240.95895294658,-2281011.7834591153,0.02816063930196439,150000.0,0.1,1.0,-92299.8890513418,-4984194.008772457,reduced_96
2026-07-13,S2_US_healthcare,20360.455083683133,2280370.969372511,0.022622727870759037,90000.0,0.1,1.0,42181.072478459144,4724280.117587424,reduced_96
2026-07-13,S3_HK_it,-30243.83490871211,-1996093.1039749992,0.027494395371556464,110000.0,0.1,1.0,-48078.90692206254,-3173207.8568561277,reduced_96
2026-07-14,U0_HK_financials,120000.00131339724,9360000.102444984,0.10000000109449769,120000.0,0.1,0.0,1.1408701539039612e-08,8.898787200450897e-07,reduced_96
2026-07-14,U1_JP_it,-149999.9970970623,-8099999.843241364,0.0999999980647082,150000.0,0.1,0.0,2.7706846594810486e-08,1.4961697161197662e-06,reduced_96
2026-07-14,U2_US_healthcare,90000.00423597955,10080000.47442971,0.10000000470664394,90000.0,0.1,0.0,1.792795956134796e-08,2.0079314708709717e-06,reduced_96
2026-07-14,U3_HK_it,-109999.99814099577,-7259999.877305721,0.09999999830999616,110000.0,0.1,0.0,1.3969838619232178e-08,9.220093488693237e-07,reduced_96
2026-07-14,M0_HK_financials,3.5016315694037125e-06,0.00027312726241348955,2.918026307836427e-12,120000.0,0.1,0.0,1.979060471057892e-09,1.5436671674251556e-07,reduced_96
2026-07-14,M1_JP_it,5.171541146175954e-06,0.0002792632218935015,3.4476940974506356e-12,150000.0,0.1,0.0,9.080395102500916e-09,4.903413355350494e-07,reduced_96
2026-07-14,M2_US_healthcare,8.966904277563884e-06,0.001004293279087155,9.963226975070982e-12,90000.0,0.1,0.0,1.3271346688270569e-08,1.4863908290863037e-06,reduced_96
2026-07-14,M3_HK_it,1.1372878478749128e-05,0.0007506099795974424,1.033898043522648e-11,110000.0,0.1,0.0,1.146690919995308e-08,7.568160071969032e-07,reduced_96
2026-07-14,S0_HK_financials,22992.071292565368,1793381.5608200987,0.01916005941047114,120000.0,0.1,0.0,4.118192009627819e-09,3.212189767509699e-07,reduced_96
2026-07-14,S1_JP_it,-92299.88905134799,-4984194.008772791,0.061533259367565325,150000.0,0.1,0.0,6.199115887284279e-09,3.3475225791335106e-07,reduced_96
2026-07-14,S2_US_healthcare,42181.07247845251,4724280.117586681,0.04686785830939168,90000.0,0.1,0.0,6.6356733441352844e-09,7.431954145431519e-07,reduced_96
2026-07-14,S3_HK_it,-48078.90692206562,-3173207.8568563308,0.043708097201877835,110000.0,0.1,0.0,3.0850060284137726e-09,2.03610397875309e-07,reduced_96
2026-07-01,U0_HK_financials,51524.63602277178,4018921.609776199,0.04293719668564315,120000.0,0.1,9.0,968475.3639772283,75541078.3902238,reduced_64
2026-07-01,U1_JP_it,-71522.12429440537,-3862194.7118978896,0.04768141619627025,150000.0,0.1,9.0,-1203477.875705595,-64987805.28810213,reduced_64
2026-07-01,U2_US_healthcare,43177.38938391415,4835867.610998385,0.047974877093237944,90000.0,0.1,9.0,721822.6106160859,80844132.38900162,reduced_64
2026-07-01,U3_HK_it,-55241.648837548746,-3645948.823278217,0.05021968076140795,110000.0,0.1,9.0,-879758.3511624513,-58064051.17672179,reduced_64
2026-07-01,M0_HK_financials,-47558.6865733133,-3709577.5527184377,0.03963223881109442,120000.0,0.1,9.0,-492441.3134266867,-38410422.44728156,reduced_64
2026-07-01,M1_JP_it,63858.43157352732,3448355.3049704754,0.04257228771568488,150000.0,0.1,9.0,611141.5684264727,33001644.695029527,reduced_64
2026-07-01,M2_US_healthcare,-35257.29591065223,-3948817.14199305,0.03917477323405803,90000.0,0.1,9.0,-369742.70408934774,-41411182.85800695,reduced_64
2026-07-01,M3_HK_it,50164.11925254934,3310831.870668256,0.045603744775044856,110000.0,0.1,9.0,444835.88074745063,29359168.12933174,reduced_64
2026-07-01,S0_HK_financials,4480.986827171754,349516.9725193968,0.0037341556893097953,120000.0,0.1,9.0,115519.01317282824,9010483.027480602,reduced_64
2026-07-01,S1_JP_it,2.0372555372508026e-06,0.00011001179901154334,1.3581703581672018e-12,150000.0,0.1,9.0,-150000.00000203727,-8100000.0001100125,reduced_64
2026-07-01,S2_US_healthcare,-1.7403988763129714e-05,-0.001949246741470528,1.9337765292366348e-11,90000.0,0.1,9.0,90000.00001740399,10080000.001949247,reduced_64
2026-07-01,S3_HK_it,5.4514585699711734e-06,0.00035979626561809746,4.955871427246521e-12,110000.0,0.1,9.0,-110000.00000545145,-7260000.000359796,reduced_64
2026-07-02,U0_HK_financials,64108.86649280233,5000491.586438581,0.05342405541066861,120000.0,0.1,8.0,904366.497484426,70540586.80378523,reduced_64
2026-07-02,U1_JP_it,-82796.84460704698,-4471029.608780537,0.05519789640469799,150000.0,0.1,8.0,-1120681.0310985479,-60516775.67932159,reduced_64
2026-07-02,U2_US_healthcare,47468.03750709121,5316420.200794216,0.05274226389676801,90000.0,0.1,8.0,674354.5731089948,75527712.18820742,reduced_64
2026-07-02,U3_HK_it,-62445.85900605477,-4121426.694399615,0.05676896273277707,110000.0,0.1,8.0,-817312.4921563966,-53942624.48232218,reduced_64
2026-07-02,M0_HK_financials,-50858.12523310465,-3966933.7681821627,0.04238177102758721,120000.0,0.1,8.0,-441583.18819358206,-34443488.6790994,reduced_64
2026-07-02,M1_JP_it,73961.53428013888,3993922.8511274992,0.04930768952009258,150000.0,0.1,8.0,537180.0341463338,29007721.843902025,reduced_64
2026-07-02,M2_US_healthcare,-39093.700354644025,-4378494.4397201305,0.043437444838493364,90000.0,0.1,8.0,-330649.00373470376,-37032688.41828682,reduced_64
2026-07-02,M3_HK_it,56298.094784321904,3715674.2557652458,0.051180086167565364,110000.0,0.1,8.0,388537.7859631288,25643493.8735665,reduced_64
2026-07-02,S0_HK_financials,3831.125383975985,298827.77995012683,0.0031926044866466543,120000.0,0.1,8.0,111687.88778885225,8711655.247530475,reduced_64
2026-07-02,S1_JP_it,3.958541889662146e-06,0.0002137612620417559,2.639027926441431e-12,150000.0,0.1,8.0,-150000.0000059958,-8100000.000323773,reduced_64
2026-07-02,S2_US_healthcare,-1.7116176681322913e-05,-0.0019170117883081663,1.9017974090358793e-11,90000.0,0.1,8.0,90000.00003452017,10080000.003866259,reduced_64
2026-07-02,S3_HK_it,5.399658575825905e-06,0.0003563774660045097,4.9087805234780954e-12,110000.0,0.1,8.0,-110000.00001085112,-7260000.000716174,reduced_64
2026-07-03,U0_HK_financials,79353.8731573766,6189602.106275375,0.06612822763114716,120000.0,0.1,7.0,825012.6243270494,64350984.69750985,reduced_64
2026-07-03,U1_JP_it,-95426.28578693792,-5153019.432494648,0.06361752385795862,150000.0,0.1,7.0,-1025254.7453116099,-55363756.24682694,reduced_64
2026-07-03,U2_US_healthcare,58435.60925905128,6544788.237013743,0.06492845473227919,90000.0,0.1,7.0,615918.9638499435,68982923.95119368,reduced_64
2026-07-03,U3_HK_it,-71589.05399327744,-4724877.563556311,0.06508095817570676,110000.0,0.1,7.0,-745723.4381631191,-49217746.918765865,reduced_64
2026-07-03,M0_HK_financials,-61607.04706490165,-4805349.671062329,0.05133920588741804,120000.0,0.1,7.0,-379976.14112868044,-29638139.008037075,reduced_64
2026-07-03,M1_JP_it,90938.96614051671,4910704.171587902,0.06062597742701114,150000.0,0.1,7.0,446241.0680058171,24097017.672314126,reduced_64
2026-07-03,M2_US_healthcare,-45054.16042685696,-5046065.967807979,0.050060178252063284,90000.0,0.1,7.0,-285594.8433078468,-31986622.450478844,reduced_64
2026-07-03,M3_HK_it,63903.529455595664,4217632.944069314,0.05809411768690515,110000.0,0.1,7.0,324634.2565075331,21425860.929497182,reduced_64
2026-07-03,S0_HK_financials,1991.475072493593,155335.05565450026,0.0016595625604113274,120000.0,0.1,7.0,109696.41271635867,8556320.191875976,reduced_64
2026-07-03,S1_JP_it,3.616278068968573e-06,0.00019527901572430293,2.4108520459790487e-12,150000.0,0.1,7.0,-150000.00000961206,-8100000.000519051,reduced_64
2026-07-03,S2_US_healthcare,-1.5844501311294105e-05,-0.0017745841468649398,1.760500145699345e-11,90000.0,0.1,7.0,90000.00005036467,10080000.005640844,reduced_64
2026-07-03,S3_HK_it,4.515430143898757e-06,0.00029801838949731796,4.104936494453415e-12,110000.0,0.1,7.0,-110000.00001536655,-7260000.001014192,reduced_64
2026-07-06,U0_HK_financials,105012.62556751471,8190984.794266148,0.08751052130626226,120000.0,0.1,6.0,719999.9987595347,56159999.903243706,reduced_64
2026-07-06,U1_JP_it,-125254.74172990982,-6763756.05341513,0.0835031611532732,150000.0,0.1,6.0,-900000.0035817001,-48600000.193411805,reduced_64
2026-07-06,U2_US_healthcare,75918.87585359855,8502914.095603038,0.08435430650399839,90000.0,0.1,6.0,540000.0879963449,60480009.85559063,reduced_64
2026-07-06,U3_HK_it,-86825.41093364847,-5730477.1216207985,0.07893219175786224,110000.0,0.1,6.0,-658898.0272294707,-43487269.79714506,reduced_64
2026-07-06,M0_HK_financials,-76236.54614257967,-5946450.599121214,0.06353045511881639,120000.0,0.1,6.0,-303739.59498610074,-23691688.40891586,reduced_64
2026-07-06,M1_JP_it,104427.71283134748,5639096.4928927645,0.06961847522089833,150000.0,0.1,6.0,341813.35517446965,18457921.17942136,reduced_64
2026-07-06,M2_US_healthcare,-54228.5563728641,-6073598.313760779,0.06025395152540455,90000.0,0.1,6.0,-231366.2869349827,-25913024.13671806,reduced_64
2026-07-06,M3_HK_it,71878.38095861195,4743973.143268389,0.06534398268964722,110000.0,0.1,6.0,252755.87554892112,16681887.786228795,reduced_64
2026-07-06,S0_HK_financials,1903.0611408255047,148438.76898438937,0.0015858842840212539,120000.0,0.1,6.0,107793.35157553316,8407881.422891587,reduced_64
2026-07-06,S1_JP_it,4.159499522972458e-06,0.0002246129742405127,2.7729996819816384e-12,150000.0,0.1,6.0,-150000.00001377158,-8100000.000743666,reduced_64
2026-07-06,S2_US_healthcare,-1.301776825706235e-05,-0.0014579900447909831,1.44641869522915e-11,90000.0,0.1,6.0,90000.00006338244,10080000.007098833,reduced_64
2026-07-06,S3_HK_it,5.698680320258462e-06,0.0003761129011370585,5.180618472962238e-12,110000.0,0.1,6.0,-110000.00002106522,-7260000.001390304,reduced_64
2026-07-07,U0_HK_financials,119999.99951961251,9359999.962529777,0.09999999959967709,120000.0,0.1,5.0,599999.9992399222,46799999.94071393,reduced_64
2026-07-07,U1_JP_it,-150000.000157716,-8100000.008516664,0.100000000105144,150000.0,0.1,5.0,-750000.0034239842,-40500000.18489514,reduced_64
2026-07-07,U2_US_healthcare,90000.01122238053,10080001.25690662,0.1000000124693117,90000.0,0.1,5.0,450000.0767739644,50400008.59868401,reduced_64
2026-07-07,U3_HK_it,-108898.02029700215,-7187269.339602142,0.09899820027000196,110000.0,0.1,5.0,-550000.0069324685,-36300000.45754292,reduced_64
2026-07-07,M0_HK_financials,-86813.17035403397,-6771427.287614649,0.07234430862836164,120000.0,0.1,5.0,-216926.42463206674,-16920261.121301208,reduced_64
2026-07-07,M1_JP_it,108575.46467371882,5863075.092380816,0.07238364311581254,150000.0,0.1,5.0,233237.89050075086,12594846.087040547,reduced_64
2026-07-07,M2_US_healthcare,-62897.897969003454,-7044564.5725283865,0.06988655329889272,90000.0,0.1,5.0,-168468.38896597925,-18868459.564189676,reduced_64
2026-07-07,M3_HK_it,74397.37326819649,4910226.635700968,0.06763397569836045,110000.0,0.1,5.0,178358.50228072464,11771661.150527826,reduced_64
2026-07-07,S0_HK_financials,2542.657514815081,198327.28615557632,0.0021188812623459006,120000.0,0.1,5.0,105250.69406071809,8209554.136736011,reduced_64
2026-07-07,S1_JP_it,4.202599098690367e-06,0.00022694035132927982,2.8017327324602446e-12,150000.0,0.1,5.0,-150000.00001797418,-8100000.000970606,reduced_64
2026-07-07,S2_US_healthcare,353.4433086272395,39585.65056625083,0.00039271478736359946,90000.0,0.1,5.0,89646.55675475519,10040414.356532581,reduced_64
2026-07-07,S3_HK_it,-1377.7886100638873,-90934.04826421656,0.0012525351000580794,110000.0,0.1,5.0,-108622.21141100134,-7169065.953126088,reduced_64
2026-07-08,U0_HK_financials,119999.99999499084,9359999.999609286,0.09999999999582569,120000.0,0.1,4.0,479999.99924493127,37439999.941104636,reduced_64
2026-07-08,U1_JP_it,-150000.00023531556,-8100000.01270704,0.10000000015687704,150000.0,0.1,4.0,-600000.0031886686,-32400000.172188107,reduced_64
2026-07-08,U2_US_healthcare,90000.01373961735,10080001.538837144,0.1000000152662415,90000.0,0.1,4.0,360000.063034347,40320007.05984686,reduced_64
2026-07-08,U3_HK_it,-110000.000927109,-7260000.061189193,0.10000000084282636,110000.0,0.1,4.0,-440000.0060053595,-29040000.39635373,reduced_64
2026-07-08,M0_HK_financials,-87077.7105988208,-6792061.426708023,0.07256475883235067,120000.0,0.1,4.0,-129848.71403324592,-10128199.694593182,reduced_64
2026-07-08,M1_JP_it,110184.38036046272,5949956.539464987,0.07345625357364181,150000.0,0.1,4.0,123053.51014028816,6644889.54757556,reduced_64
2026-07-08,M2_US_healthcare,-64501.36183372778,-7224152.525377511,0.07166817981525309,90000.0,0.1,4.0,-103967.02713225147,-11644307.038812164,reduced_64
2026-07-08,M3_HK_it,75137.21602792467,4959056.257843029,0.06830656002538607,110000.0,0.1,4.0,103221.28625279997,6812604.892684798,reduced_64
2026-07-08,S0_HK_financials,12759.309529304137,995226.1432857227,0.010632757941086781,120000.0,0.1,4.0,92491.38453141395,7214327.993450288,reduced_64
2026-07-08,S1_JP_it,4.696448390225454e-06,0.0002536082130721745,3.130965593483636e-12,150000.0,0.1,4.0,-150000.00002267063,-8100000.001224214,reduced_64
2026-07-08,S2_US_healthcare,4892.473473303888,547957.0290100354,0.00543608163700432,90000.0,0.1,4.0,84754.08328145131,9492457.327522546,reduced_64
2026-07-08,S3_HK_it,-3716.9775044894673,-245320.51529630483,0.0033790704586267885,110000.0,0.1,4.0,-104905.23390651187,-6923745.437829783,reduced_64
2026-07-09,U0_HK_financials,120000.00001968429,9360000.001535375,0.10000000001640358,120000.0,0.1,3.0,359999.99922524695,28079999.93956926,reduced_64
2026-07-09,U1_JP_it,-150000.000175975,-8100000.00950265,0.10000000011731666,150000.0,0.1,3.0,-450000.0030126936,-24300000.162685454,reduced_64
2026-07-09,U2_US_healthcare,90000.0153754552,10080001.722050983,0.10000001708383911,90000.0,0.1,3.0,270000.0476588918,30240005.337795883,reduced_64
2026-07-09,U3_HK_it,-110000.00088856224,-7260000.058645108,0.10000000080778385,110000.0,0.1,3.0,-330000.0051167973,-21780000.337708622,reduced_64
2026-07-09,M0_HK_financials,-80288.37257885077,-6262493.06115036,0.06690697714904231,120000.0,0.1,3.0,-49560.34145439515,-3865706.633442822,reduced_64
2026-07-09,M1_JP_it,91056.44534877849,4917048.048834039,0.06070429689918566,150000.0,0.1,3.0,31997.06479150965,1727841.498741521,reduced_64
2026-07-09,M2_US_healthcare,-62719.116777303425,-7024541.079057984,0.06968790753033714,90000.0,0.1,3.0,-41247.91035494802,-4619765.959754178,reduced_64
2026-07-09,M3_HK_it,65875.74643680736,4347799.264829285,0.059887042215279414,110000.0,0.1,3.0,37345.53981599258,2464805.6278555105,reduced_64
2026-07-09,S0_HK_financials,20295.916832973686,1583081.5129719474,0.016913264027478073,120000.0,0.1,3.0,72195.46769844026,5631246.480478341,reduced_64
2026-07-09,S1_JP_it,5.040277915880646e-06,0.0002721750074575549,3.360185277253764e-12,150000.0,0.1,3.0,-150000.0000277109,-8100000.001496389,reduced_64
2026-07-09,S2_US_healthcare,8321.841544581848,932046.252993167,0.009246490605090942,90000.0,0.1,3.0,76432.24173686946,8560411.07452938,reduced_64
2026-07-09,S3_HK_it,-7545.171510423293,-497981.3196879373,0.006859246827657539,110000.0,0.1,3.0,-97360.06239608859,-6425764.118141847,reduced_64
2026-07-10,U0_HK_financials,119999.99983105024,9359999.98682192,0.09999999985920853,120000.0,0.1,2.0,239999.99939419667,18719999.95274734,reduced_64
2026-07-10,U1_JP_it,-150000.00082924002,-8100000.044778961,0.10000000055282668,150000.0,0.1,2.0,-300000.00218345365,-16200000.117906496,reduced_64
2026-07-10,U2_US_healthcare,90000.01551628638,10080001.737824075,0.1000000172403182,90000.0,0.1,2.0,180000.0321426054,20160003.599971805,reduced_64
2026-07-10,U3_HK_it,-110000.00134729611,-7260000.088921543,0.10000000122481464,110000.0,0.1,2.0,-220000.00376950123,-14520000.24878708,reduced_64
2026-07-10,M0_HK_financials,-49560.3414589522,-3865706.6337982714,0.041300284549126834,120000.0,0.1,2.0,4.557077772915363e-06,0.00035545206628739834,reduced_64
2026-07-10,M1_JP_it,31997.064797880954,1727841.4990855716,0.021331376531920635,150000.0,0.1,2.0,-6.3712941482663155e-06,-0.00034404988400638103,reduced_64
2026-07-10,M2_US_healthcare,-41247.91038346739,-4619765.962948347,0.04583101153718599,90000.0,0.1,2.0,2.8519367333501577e-05,0.0031941691413521767,reduced_64
2026-07-10,M3_HK_it,37345.53982045486,2464805.6281500207,0.033950490745868055,110000.0,0.1,2.0,-4.462257493287325e-06,-0.00029450899455696344,reduced_64
2026-07-10,S0_HK_financials,21103.25893489415,1646054.1969217437,0.01758604911241179,120000.0,0.1,2.0,51092.20876354611,3985192.2835565964,reduced_64
2026-07-10,S1_JP_it,-13073.5601525481,-705972.2482375974,0.0087157067683654,150000.0,0.1,2.0,-136926.4398751628,-7394027.753258791,reduced_64
2026-07-10,S2_US_healthcare,16215.016302456203,1816081.8258750946,0.018016684780506893,90000.0,0.1,2.0,60217.22543441325,6744329.2486542845,reduced_64
2026-07-10,S3_HK_it,-17974.74490032291,-1186333.1634213119,0.016340677182111733,110000.0,0.1,2.0,-79385.31749576567,-5239430.954720534,reduced_64
2026-07-13,U0_HK_financials,119999.9995819965,9359999.967395727,0.09999999965166374,120000.0,0.1,1.0,119999.9998122002,9359999.985351615,reduced_64
2026-07-13,U1_JP_it,-150000.00093678536,-8100000.05058641,0.10000000062452358,150000.0,0.1,1.0,-150000.00124666817,-8100000.0673200805,reduced_64
2026-07-13,U2_US_healthcare,90000.01666661375,10080001.86666074,0.10000001851845973,90000.0,0.1,1.0,90000.01547599165,10080001.733311065,reduced_64
2026-07-13,U3_HK_it,-110000.00162134878,-7260000.10700902,0.10000000147395344,110000.0,0.1,1.0,-110000.00214815245,-7260000.141778061,reduced_64
2026-07-13,M0_HK_financials,9.213712852875149e-07,7.186696025242616e-05,7.678094044062624e-13,120000.0,0.1,1.0,3.6356505006551743e-06,0.0002835807390511036,reduced_64
2026-07-13,M1_JP_it,-3.151732332890406e-06,-0.0001701935459760819,2.101154888593604e-12,150000.0,0.1,1.0,-3.2195821404457092e-06,-0.0001738574355840683,reduced_64
2026-07-13,M2_US_healthcare,1.3338329644460795e-05,0.001493892920179609,1.4820366271623105e-11,90000.0,0.1,1.0,1.5181023627519608e-05,0.001700274646282196,reduced_64
2026-07-13,M3_HK_it,-2.3697014148564987e-06,-0.00015640029338052892,2.154274013505908e-12,110000.0,0.1,1.0,-2.0925654098391533e-06,-0.00013810931704938412,reduced_64
2026-07-13,S0_HK_financials,27970.571661445254,2181704.5895927297,0.023308809717871044,120000.0,0.1,1.0,23121.637102100853,1803487.6939638664,reduced_64
2026-07-13,S1_JP_it,-43193.606487539524,-2332454.7503271345,0.02879573765835968,150000.0,0.1,1.0,-93732.83338762328,-5061573.002931657,reduced_64
2026-07-13,S2_US_healthcare,20231.462674261948,2265923.819517338,0.022479402971402163,90000.0,0.1,1.0,39985.76276015131,4478405.429136947,reduced_64
2026-07-13,S3_HK_it,-30455.039577018328,-2010032.6120832097,0.027686399615471206,110000.0,0.1,1.0,-48930.27791874735,-3229398.342637325,reduced_64
2026-07-14,U0_HK_financials,119999.99981219895,9359999.985351518,0.09999999984349912,120000.0,0.1,0.0,1.280568540096283e-09,9.988434612751007e-08,reduced_64
2026-07-14,U1_JP_it,-150000.00124665495,-8100000.067319367,0.1000000008311033,150000.0,0.1,0.0,-1.3271346688270569e-08,-7.166527211666107e-07,reduced_64
2026-07-14,U2_US_healthcare,90000.0154759295,10080001.733304104,0.10000001719547721,90000.0,0.1,0.0,6.216578185558319e-08,6.962567567825317e-06,reduced_64
2026-07-14,U3_HK_it,-110000.00214813466,-7260000.141776888,0.1000000019528497,110000.0,0.1,0.0,-1.7811544239521027e-08,-1.1755619198083878e-06,reduced_64
2026-07-14,M0_HK_financials,3.627816677905809e-06,0.0002829697008766531,3.0231805649215074e-12,120000.0,0.1,0.0,7.799826562404633e-09,6.083864718675613e-07,reduced_64
2026-07-14,M1_JP_it,-3.2113684205418106e-06,-0.00017341389470925777,2.1409122803612073e-12,150000.0,0.1,0.0,-8.265487849712372e-09,-4.463363438844681e-07,reduced_64
2026-07-14,M2_US_healthcare,1.5160432289993797e-05,0.0016979684164793053,1.6844924766659774e-11,90000.0,0.1,0.0,2.0605511963367462e-08,2.3078173398971558e-06,reduced_64
2026-07-14,M3_HK_it,-2.0894278587929926e-06,-0.0001379022386803375,1.8994798716299933e-12,110000.0,0.1,0.0,-3.14321368932724e-09,-2.0745210349559784e-07,reduced_64
2026-07-14,S0_HK_financials,23121.637102100412,1803487.6939638322,0.01926803091841701,120000.0,0.1,0.0,4.3655745685100555e-10,3.405148163437843e-08,reduced_64
2026-07-14,S1_JP_it,-93732.83338761954,-5061573.002931455,0.06248855559174636,150000.0,0.1,0.0,-3.725290298461914e-09,-2.0116567611694336e-07,reduced_64
2026-07-14,S2_US_healthcare,39985.76276014569,4478405.429136317,0.04442862528905077,90000.0,0.1,0.0,5.617039278149605e-09,6.291083991527557e-07,reduced_64
2026-07-14,S3_HK_it,-48930.2779187477,-3229398.342637348,0.04448207083522518,110000.0,0.1,0.0,3.4924596548080444e-10,2.3050233721733093e-08,reduced_64
