date,holding_pnl_dollars,impact_cost_dollars,linear_cost_dollars,net_pnl_dollars,cumulative_net_pnl_dollars,max_realized_participation_rate,p95_realized_participation_rate,max_realized_participation_excess_shares,event_id,strategy,selected_plan_source
2031-10-16,158329.92386889737,21013.06981829012,3056.0968023635915,134260.75724824367,134260.75724824367,0.07131353007100132,0.06999243879877319,0.0,event_97,static_open_loop,static_open_loop
2031-10-17,53868.10535004116,20074.759483700815,3494.562606821614,30298.78325951873,164559.5405077624,0.06942512084797582,0.06905810312461075,0.0,event_97,static_open_loop,static_open_loop
2031-10-20,-132315.38880980032,25873.080425542546,4386.189269010025,-162574.6585043529,1984.882003409497,0.07744016678542617,0.07321909785564021,0.0,event_97,static_open_loop,static_open_loop
2031-10-21,-49776.08107244281,44430.23084924441,5222.52194977061,-99428.83387145783,-97443.95186804833,0.10654745600491101,0.10631032822025856,8498.353060194218,event_97,static_open_loop,static_open_loop
2031-10-22,-988944.9759900944,45721.137402335735,5812.490600731651,-1040478.6039931618,-1137922.5558612102,0.11489458222779596,0.11101416884000995,11667.325473217861,event_97,static_open_loop,static_open_loop
2031-10-23,-932554.3489426419,43787.70568403171,6049.797580122048,-982391.8522067956,-2120314.408068006,0.10444927891557737,0.10121178974358674,6389.626087088982,event_97,static_open_loop,static_open_loop
2031-10-24,1191091.9971170335,32984.400161058984,5801.007946113788,1152306.5890098608,-968007.8190581452,0.08146591090053948,0.08058537564023258,0.0,event_97,static_open_loop,static_open_loop
2031-10-27,-1480427.265138384,27024.497054928077,4872.078444728636,-1512323.8406380406,-2480331.659696186,0.0932536904346428,0.08824678073376224,0.0,event_97,static_open_loop,static_open_loop
2031-10-28,-161548.2673277089,16206.583716768519,4660.485021780518,-182415.3360662579,-2662746.995762444,0.07727141917850643,0.06671208160359157,0.0,event_97,static_open_loop,static_open_loop
2031-10-29,-326987.5294095756,19494.178010411175,5418.188527206628,-351899.8959471934,-3014646.8917096374,0.06386576876373923,0.059731784987532885,0.0,event_97,static_open_loop,static_open_loop
2031-11-04,18288.171462453633,19296.800574202854,2931.2800084237924,-3939.9091201730143,-3939.9091201730143,0.08264336128762712,0.07486684830897725,0.0,event_98,static_open_loop,static_open_loop
2031-11-05,-112507.94958630571,22169.561400909348,3232.931033149657,-137910.44202036472,-141850.35114053774,0.07510622176358604,0.07150177247708817,0.0,event_98,static_open_loop,static_open_loop
2031-11-06,363731.34949681256,29165.49420000435,4417.0785217050625,330148.7767751032,188298.42563456544,0.08386963609227258,0.08251230503490929,0.0,event_98,static_open_loop,static_open_loop
2031-11-07,836509.234078916,38705.32683023795,5396.5477354358245,792407.3595132423,980705.7851478077,0.10767063652605843,0.10142512415606479,6027.959836016933,event_98,static_open_loop,static_open_loop
2031-11-10,446094.8807981227,36523.37940147463,5499.405733769825,404072.09566287824,1384777.880810686,0.08640677098524943,0.08461203371984527,0.0,event_98,static_open_loop,static_open_loop
2031-11-11,8727.56132414797,34981.075920935706,5617.419293786704,-31870.93389057444,1352906.9469201115,0.1038262968176681,0.09737183455845172,4422.344167070754,event_98,static_open_loop,static_open_loop
2031-11-12,-1438209.9806375918,38424.26197465573,5237.11183692186,-1481871.3544491695,-128964.40752905793,0.10350261072037589,0.09971384174191618,3722.4875446112565,event_98,static_open_loop,static_open_loop
2031-11-13,713366.7847121514,22269.20875739316,5088.713110135985,686008.8628446222,557044.4553155643,0.07662693600536603,0.07115963049289321,0.0,event_98,static_open_loop,static_open_loop
2031-11-14,3458165.537332419,17701.0408534513,4469.73639538173,3435994.7600835855,3993039.21539915,0.07798374270609641,0.0755126262817032,0.0,event_98,static_open_loop,static_open_loop
2031-11-17,1001838.7710162364,20891.665818638285,6382.32034809629,974564.7848495018,4967604.000248652,0.05747424945862091,0.05724657411646016,0.0,event_98,static_open_loop,static_open_loop
2031-11-21,-10153.925274798383,22292.550317616875,3110.476087349297,-35556.951679764556,-35556.951679764556,0.07748354238056002,0.07704854740887009,0.0,event_99,static_open_loop,static_open_loop
2031-11-24,-96630.03121714386,24986.09022079358,3758.8227085514363,-125374.94414648887,-160931.89582625343,0.0812993680642242,0.07877396571677929,0.0,event_99,static_open_loop,static_open_loop
2031-11-25,-2137.504573187702,31539.37517872311,4297.700303759967,-37974.580055670776,-198906.4758819242,0.0890466464766202,0.08570607042187361,0.0,event_99,static_open_loop,static_open_loop
2031-11-26,-128388.65146015126,46336.04423282033,5321.1075171508255,-180045.8032101224,-378952.2790920466,0.1263168335081421,0.1180176166374321,25000.785194425407,event_99,static_open_loop,static_open_loop
2031-11-27,629617.2094694634,37251.31584624693,5656.575723537819,586709.3178996787,207757.0388076321,0.0936869758997009,0.08952502236751053,0.0,event_99,static_open_loop,static_open_loop
2031-11-28,-558201.8652286079,33704.540858730456,5675.075935060072,-597581.4820223984,-389824.4432147663,0.09106332307173957,0.08627889662836444,0.0,event_99,static_open_loop,static_open_loop
2031-12-01,-1057246.1125582606,31539.828389017504,5286.91055522674,-1094072.851502505,-1483897.294717271,0.09516728798747942,0.0921825818503642,0.0,event_99,static_open_loop,static_open_loop
2031-12-02,400080.505402061,23832.208073364094,4299.648501635021,371948.6488270619,-1111948.6458902094,0.0896464310253128,0.08841496164315565,0.0,event_99,static_open_loop,static_open_loop
2031-12-03,-426131.9425195941,17221.309391968418,3590.270546877889,-446943.5224584404,-1558892.1683486497,0.07829274553970982,0.07770003586572229,0.0,event_99,static_open_loop,static_open_loop
2031-12-04,2027999.2907733566,29984.95577885802,7244.937009408925,1990769.3979850898,431877.22963644005,0.07356056004662437,0.0716018577704814,0.0,event_99,static_open_loop,static_open_loop
2031-12-10,194992.10071223247,36224.248690282766,4608.06292647974,154159.78909546998,154159.78909546998,0.10669690601666319,0.0960842133473503,5385.2305990768655,event_100,static_open_loop,static_open_loop
2031-12-11,-31162.990846194356,41148.98560513929,4826.193034669544,-77138.16948600319,77021.6196094668,0.10050947696467195,0.10043732252708826,327.47753714023565,event_100,static_open_loop,static_open_loop
2031-12-12,118444.20697383105,39069.688261359646,5470.653516093515,73903.8651963779,150925.4848058447,0.09052405341846574,0.090066970974265,0.0,event_100,static_open_loop,static_open_loop
2031-12-15,-443952.8264799544,51903.62406295212,6243.345298779464,-502099.795841686,-351174.31103584135,0.11966259311268072,0.11356617808727805,13610.008377846345,event_100,static_open_loop,static_open_loop
2031-12-16,-131730.93445865158,51478.803252720245,6770.471725402995,-189980.2094367748,-541154.5204726162,0.11443890538086038,0.1121850268469725,13789.881033261161,event_100,static_open_loop,static_open_loop
2031-12-17,-97082.96650829233,31548.27714144642,6680.157661577203,-135311.40131131595,-676465.9217839321,0.08343743619116689,0.08074477233458001,0.0,event_100,static_open_loop,static_open_loop
2031-12-18,-755986.3333131482,23390.22038386005,5083.684739266611,-784460.2384362749,-1460926.1602202072,0.0782505444036712,0.07490548794531225,0.0,event_100,static_open_loop,static_open_loop
2031-12-19,24456.241878813147,19820.40630551377,4436.060995822051,199.7745774773257,-1460726.38564273,0.07297848268753789,0.07080385099545122,0.0,event_100,static_open_loop,static_open_loop
2031-12-22,227702.4830255366,20157.482653239636,3722.544926070754,203822.45544622623,-1256903.9301965036,0.08207965310812959,0.07939459861105636,0.0,event_100,static_open_loop,static_open_loop
2031-12-23,1611758.599679627,7143.777601697582,2614.797212860232,1602000.0248650692,345096.09466856555,0.0568290575861672,0.05563215418208499,0.0,event_100,static_open_loop,static_open_loop
2031-12-29,-32235.697588965875,39128.95849539209,4203.440631614515,-75568.09671597248,-75568.09671597248,0.11006446833083638,0.109185961522097,6179.438008417259,event_101,static_open_loop,static_open_loop
2031-12-30,103845.93561971758,37488.00740780969,4551.691548919949,61806.23666298794,-13761.860052984543,0.10114953824320237,0.10085932185765921,857.1977389024687,event_101,static_open_loop,static_open_loop
2031-12-31,735422.5377229451,44878.536160836935,4948.939045892362,685595.0625162158,671833.2024632313,0.10753927022865142,0.1051948974958116,5921.000474555898,event_101,static_open_loop,static_open_loop
2032-01-01,-451101.13926191593,51324.34330390323,5882.602545200133,-508308.0851110193,163525.11735221196,0.12863220729069882,0.1168818479515206,26710.766667594668,event_101,static_open_loop,static_open_loop
2032-01-02,-979791.4113808726,54968.93320723682,6632.356426753251,-1041392.7010148626,-877867.5836626507,0.1387473960063999,0.12939381343725848,39908.93856501779,event_101,static_open_loop,static_open_loop
2032-01-05,-1244710.0568271796,41379.60998005225,6671.182753526183,-1292760.849560758,-2170628.4332234086,0.10900426757693059,0.09757976017399128,9912.567032930441,event_101,static_open_loop,static_open_loop
2032-01-06,934558.3867425112,32810.77925980645,5682.93343849504,896064.6740442096,-1274563.759179199,0.09047719921751282,0.09003445793777566,0.0,event_101,static_open_loop,static_open_loop
2032-01-07,2121926.770553654,26832.62913428097,4745.816054740251,2090348.3253646328,815784.5661854337,0.08466512852781934,0.08387298299864901,0.0,event_101,static_open_loop,static_open_loop
2032-01-08,3001641.6975262277,13819.876034243656,3528.5609712544233,2984293.2605207297,3800077.8267061636,0.07318195078445122,0.07301647659112638,0.0,event_101,static_open_loop,static_open_loop
2032-01-09,-2997120.7561979336,11060.224956755215,2655.2802909272277,-3010836.261445616,789241.5652605477,0.08407434095528321,0.07198473067631984,0.0,event_101,static_open_loop,static_open_loop
2032-01-15,29313.041789921866,35537.23106541651,3972.597120670889,-10196.786396165535,-10196.786396165535,0.09476613005422602,0.09423437365622235,0.0,event_102,static_open_loop,static_open_loop
2032-01-16,244422.2942915411,38020.29273487476,4331.597726677321,202070.40382998902,191873.6174338235,0.11422418950435348,0.1052157451116734,8287.12147958052,event_102,static_open_loop,static_open_loop
2032-01-19,-943899.7273897668,36396.82269417648,4696.2957581956925,-984992.845842139,-793119.2284083155,0.10798101309034512,0.10490287847083882,6609.729196684784,event_102,static_open_loop,static_open_loop
2032-01-20,-34413.67377991915,35292.095153317125,5833.54931255047,-75539.31824578675,-868658.5466541022,0.09932144109114639,0.09124010713416436,0.0,event_102,static_open_loop,static_open_loop
2032-01-21,-169593.7577422395,40144.93921408431,6538.838890233654,-216277.53584655747,-1084936.0825006596,0.09089026896807617,0.08978167002911364,0.0,event_102,static_open_loop,static_open_loop
2032-01-22,-294830.3134665976,31777.198197217593,6240.154716329051,-332847.66638014425,-1417783.7488808038,0.0839494834761314,0.08243722712854015,0.0,event_102,static_open_loop,static_open_loop
2032-01-23,-280540.7224028347,37352.806519041165,6273.779505979715,-324167.3084278556,-1741951.0573086594,0.1065268348346361,0.10383827694397504,5514.244588620975,event_102,static_open_loop,static_open_loop
2032-01-26,7654326.965028084,21721.609994437003,4858.137277646996,7627747.217756,5885796.16044734,0.078134857768441,0.07141486625417448,0.0,event_102,static_open_loop,static_open_loop
2032-01-27,1031180.2867970212,15674.281178364918,4035.456412107495,1011470.5492065488,6897266.70965389,0.08559642057997577,0.07710112109724233,0.0,event_102,static_open_loop,static_open_loop
2032-01-28,-548775.1936306484,8875.699192918333,2933.8237256312555,-560584.716549198,6336681.993104692,0.05098780009440383,0.0495079444166781,0.0,event_102,static_open_loop,static_open_loop
2032-02-03,34711.12085424457,62003.6637002273,4174.739015771343,-31467.281861754072,-31467.281861754072,0.16846606733314884,0.16559796688650028,29960.9984955947,event_103,static_open_loop,static_open_loop
2032-02-04,-487105.96993398754,47115.956497948704,4593.350602635866,-538815.2770345721,-570282.5588963261,0.12491149058980844,0.11387085266255256,13346.152222791527,event_103,static_open_loop,static_open_loop
2032-02-05,453874.52463284286,50021.99055977492,4942.352944836964,398910.181128231,-171372.37776809512,0.12491000076809462,0.11786582007609367,14147.24397443595,event_103,static_open_loop,static_open_loop
2032-02-06,-51635.34042612176,63565.889720502215,6022.067861651396,-121223.29800827536,-292595.67577637045,0.15666300141132125,0.15245255951840078,39562.028858939186,event_103,static_open_loop,static_open_loop
2032-02-09,831674.6644832299,52180.744392426954,6351.659603370452,773142.2604874325,480546.584711062,0.13537389038041223,0.1305740719060628,37369.75211141464,event_103,static_open_loop,static_open_loop
2032-02-10,410040.05919749406,46538.989584710245,6320.62597576066,357180.4436370232,837727.0283480852,0.13179089796049526,0.1302418361815759,28946.67122390095,event_103,static_open_loop,static_open_loop
2032-02-11,-683062.032964692,47762.005502626635,5369.393269133785,-736193.4317364524,101533.59661163285,0.14128430360417615,0.13881729948131524,31584.62274869511,event_103,static_open_loop,static_open_loop
2032-02-12,145541.61223011502,31797.734806810462,4911.2074571021385,108832.66996620242,210366.26657783525,0.10521828358489381,0.10287044659588085,7439.225564143329,event_103,static_open_loop,static_open_loop
2032-02-13,-2808331.083408983,24073.69503537733,3922.1488768336835,-2836326.927321194,-2625960.660743359,0.11267599594789372,0.1105029414452661,13499.94264256196,event_103,static_open_loop,static_open_loop
2032-02-16,1851866.2878779613,9920.277039268132,3444.8450867977235,1838501.1657518954,-787459.4949914636,0.07008428499783279,0.06752331662649676,0.0,event_103,static_open_loop,static_open_loop
2032-02-20,174015.1931468886,52729.328002042676,4363.733307422633,116922.1318374233,116922.1318374233,0.133150185457195,0.12024947511033554,14599.913477621973,event_104,static_open_loop,static_open_loop
2032-02-23,-82057.0892320358,51095.08379307139,4664.154943836567,-137816.32796894375,-20894.196131520453,0.1338739817237264,0.12827373553398067,16483.13685362305,event_104,static_open_loop,static_open_loop
2032-02-24,-72477.109789548,56235.22605150824,5340.740192457492,-134053.07603351373,-154947.2721650342,0.14885521441804966,0.13617750496019887,25317.32285589831,event_104,static_open_loop,static_open_loop
2032-02-25,-642849.8025953326,50969.53049456466,5930.97821632667,-699750.311306224,-854697.5834712582,0.12886051485609473,0.1156046451120989,20157.038353631142,event_104,static_open_loop,static_open_loop
2032-02-26,96228.62138063491,53003.119283808956,6554.0703347909,36671.431762035056,-818026.1517092232,0.14087310428018482,0.1381167046722414,31674.734774559256,event_104,static_open_loop,static_open_loop
2032-02-27,728271.8553991978,48414.10514244186,6383.58509340053,673474.1651633554,-144551.98654586775,0.12579136406896602,0.1182437012373554,30754.932254949817,event_104,static_open_loop,static_open_loop
2032-03-01,1298608.061172463,37921.38245157051,5810.891159156673,1254875.7875617358,1110323.801015868,0.11507993443737001,0.11357368461030345,16478.31172110178,event_104,static_open_loop,static_open_loop
2032-03-02,65024.28336827494,24838.960044768195,4502.2079176423495,35683.115405864395,1146006.9164217324,0.09907289978457826,0.0900860364643212,0.0,event_104,static_open_loop,static_open_loop
2032-03-03,831060.2878212897,18431.792421703183,3711.795387902983,808916.7000116835,1954923.616433416,0.08778599171377383,0.07959826667717398,0.0,event_104,static_open_loop,static_open_loop
2032-03-04,-471197.22601817234,11329.409180448962,3493.2438764887333,-486019.87907511,1468903.737358306,0.06849141014830697,0.06655089185571761,0.0,event_104,static_open_loop,static_open_loop
2032-03-10,94831.23309704103,48333.64564785106,4479.157461892487,42018.42998729748,42018.42998729748,0.11538267347662855,0.11496096319130883,11954.150173269649,event_105,static_open_loop,static_open_loop
2032-03-11,-26849.64859607938,41023.08117999665,5043.4286349434105,-72916.15841101944,-30897.728423721957,0.10789114440373444,0.10512420035527874,5723.80179259475,event_105,static_open_loop,static_open_loop
2032-03-12,-669452.0267514827,40363.23097586109,5132.08457220628,-714947.3422995501,-745845.070723272,0.1053633107706046,0.10463328071269727,5718.519568626536,event_105,static_open_loop,static_open_loop
2032-03-15,-1411138.8433173748,46842.57756356085,6331.384314834706,-1464312.8051957702,-2210157.875919042,0.1126509699097245,0.10464256914575265,12459.157415856142,event_105,static_open_loop,static_open_loop
2032-03-16,1118294.977466103,59412.91664640008,6447.0857173097365,1052434.9751023932,-1157722.900816649,0.14078759937467636,0.1365643076731768,37007.38436077807,event_105,static_open_loop,static_open_loop
2032-03-17,-1255526.6374317505,46196.5005066637,6134.348128785965,-1307857.4860672003,-2465580.3868838493,0.11952670518761288,0.11458999105942827,14315.846901703306,event_105,static_open_loop,static_open_loop
2032-03-18,387636.3965178783,30791.725312938048,6003.409454238549,350841.2617507017,-2114739.1251331475,0.09114400775404316,0.08696409331575254,0.0,event_105,static_open_loop,static_open_loop
2032-03-19,418896.04638152535,27226.038085188524,4779.023597606467,386890.98469873035,-1727848.1404344172,0.10649390935890139,0.10214564751815408,5488.12460247647,event_105,static_open_loop,static_open_loop
2032-03-22,1355187.3854864002,14410.928386733747,3340.9293291642025,1337435.5277705025,-390412.6126639147,0.0821152857625678,0.07972750252859827,0.0,event_105,static_open_loop,static_open_loop
2032-03-23,-1095712.8952216366,9225.293406213426,2707.501832347879,-1107645.6904601979,-1498058.3031241125,0.056149761633373915,0.05210196709779943,0.0,event_105,static_open_loop,static_open_loop
2032-03-29,-122169.4891061917,37163.58514689997,4247.667460848066,-163580.74171393973,-163580.74171393973,0.1161022226288513,0.10321339778784813,12736.343703223538,event_106,static_open_loop,static_open_loop
2032-03-30,429151.1367779313,40648.24716875103,4297.252836207402,384205.6367729729,220624.89505903315,0.12009738578974816,0.10768744608545701,16722.893606557904,event_106,static_open_loop,static_open_loop
2032-03-31,-263815.22096594196,32086.381610394328,5053.236429385548,-300954.83900572185,-80329.9439466887,0.08377122299323295,0.08218020105210735,0.0,event_106,static_open_loop,static_open_loop
2032-04-01,130372.7103091896,47603.65412879575,5983.864493397043,76785.19168699681,-3544.752259691886,0.10582900465576969,0.10042462741025121,8220.53116763581,event_106,static_open_loop,static_open_loop
2032-04-02,273845.8231943796,40998.04360432915,6759.713976532655,226088.06561351783,222543.31335382594,0.09799434834163419,0.093882563886059,0.0,event_106,static_open_loop,static_open_loop
2032-04-05,222307.49272306217,40443.71016846194,6477.744754036183,175386.03780056402,397929.35115438997,0.09841547300105383,0.09610842144517617,0.0,event_106,static_open_loop,static_open_loop
2032-04-06,-1587279.9387324331,34221.89186643121,5641.737167200671,-1627143.567766065,-1229214.216611675,0.10127202797508474,0.10095610530754581,1507.2607935369451,event_106,static_open_loop,static_open_loop
2032-04-07,-298915.05882221984,21251.066496725707,4739.515794321878,-324905.64111326745,-1554119.8577249425,0.08427785256679293,0.07802020565939247,0.0,event_106,static_open_loop,static_open_loop
2032-04-08,-661622.1779529463,21707.55934341177,3317.662499312592,-686647.3997956706,-2240767.2575206133,0.08716923566890834,0.08497681176699677,0.0,event_106,static_open_loop,static_open_loop
2032-04-09,76977.68885609145,10567.242650672597,3048.767965007375,63361.67824041147,-2177405.579280202,0.060230329672870044,0.06015964507845458,0.0,event_106,static_open_loop,static_open_loop
2032-04-15,79340.7326784178,21308.31861856801,2788.3349220291857,55244.079137820605,55244.079137820605,0.08109879972466705,0.08033189362927518,0.0,event_107,static_open_loop,static_open_loop
2032-04-16,-250514.38588789204,23075.54711602239,3547.6348700684503,-277137.5678739829,-221893.48873616228,0.0731234185106751,0.0729332411043652,0.0,event_107,static_open_loop,static_open_loop
2032-04-19,36159.02041321184,35042.619929604305,4340.791501381508,-3224.3910177739754,-225117.87975393626,0.11219969593853861,0.10098762694300197,9398.00725299782,event_107,static_open_loop,static_open_loop
2032-04-20,338638.0669809123,54857.85717980672,5423.597928495672,278356.6118726099,53238.73211867362,0.1307433610988695,0.130501475853369,34708.99458905273,event_107,static_open_loop,static_open_loop
2032-04-21,-347899.0194651871,40502.40234941774,6075.955221789879,-394477.3770363947,-341238.6449177211,0.10003278339812849,0.098524434349825,49.158981208194746,event_107,static_open_loop,static_open_loop
2032-04-22,-214417.93669849643,41946.08596556647,5976.224788946048,-262340.24745300895,-603578.89237073,0.10801551323198195,0.10551100461590451,8904.84671189847,event_107,static_open_loop,static_open_loop
2032-04-23,436796.4809694107,37680.35224249514,5178.737341712138,393937.39138520346,-209641.5009855266,0.12433834827935694,0.11913451310153308,21531.71847445029,event_107,static_open_loop,static_open_loop
2032-04-26,918407.9744985935,26621.83054533969,5213.984971054046,886572.1589821997,676930.6579966731,0.1002271837935509,0.0955814837566321,340.00325802658335,event_107,static_open_loop,static_open_loop
2032-04-27,210244.15417618942,18703.599784302227,4450.358037492601,187090.19635439457,864020.8543510677,0.08280539283363281,0.07690080258779702,0.0,event_107,static_open_loop,static_open_loop
2032-04-28,885270.8938970828,26889.673864794575,6555.49309340752,851825.7269388807,1715846.5812899484,0.06699443300336101,0.06425676911500658,0.0,event_107,static_open_loop,static_open_loop
2032-05-04,-139407.57985918008,39358.02085034912,4201.008185242297,-182966.60889477152,-182966.60889477152,0.13131066315768353,0.12178074680545939,24002.068141700132,event_108,static_open_loop,static_open_loop
2032-05-05,-4120.066708817859,42692.54848392852,4446.415672548817,-51259.03086529519,-234225.6397600667,0.1263877384304631,0.11734027372347386,11048.038740238575,event_108,static_open_loop,static_open_loop
2032-05-06,839129.976346562,36471.29093512535,5123.92314749507,797534.7622639417,563309.122503875,0.11082070519930284,0.09766123174557918,12356.376931444742,event_108,static_open_loop,static_open_loop
2032-05-07,-781184.3767071567,43362.88706589455,5748.805563324675,-830296.0693363759,-266986.94683250086,0.11555563797358263,0.1136653962888508,19704.829262333064,event_108,static_open_loop,static_open_loop
2032-05-10,216299.45029705152,50840.972748194064,6524.621118467271,158933.85643039018,-108053.09040211068,0.1128875836859819,0.10998496284353992,9369.384838353304,event_108,static_open_loop,static_open_loop
2032-05-11,-990955.3552505292,36859.61778080854,6209.398777442652,-1034024.3718087805,-1142077.462210891,0.11269411224972285,0.10855628854883301,12390.641739399682,event_108,static_open_loop,static_open_loop
2032-05-12,-1807105.8847642695,40374.27281042897,6002.971828314423,-1853483.1294030128,-2995560.5916139036,0.11388565461645159,0.10867005920692294,13411.891447516871,event_108,static_open_loop,static_open_loop
2032-05-13,3545040.664717844,29222.00742217513,5197.520328187545,3510621.1369674816,515060.54535357794,0.09753760213082976,0.0946039849552284,0.0,event_108,static_open_loop,static_open_loop
2032-05-14,814922.7534900644,21014.604883783537,4061.1506949817667,789846.9979112991,1304907.543264877,0.07951305669420587,0.0787538418008487,0.0,event_108,static_open_loop,static_open_loop
2032-05-17,31232.10532596298,9491.33873360533,3150.7248343993683,18590.041757958283,1323497.5850228353,0.05882563180678613,0.05738939556433238,0.0,event_108,static_open_loop,static_open_loop
2031-10-16,118609.43826082126,12663.438660984231,2366.553461644947,103579.44613819208,103579.44613819208,0.05432391023762239,0.053623621736004885,0.0,event_97,full_specific_control,full_specific_control
2031-10-17,40609.294194087,13527.985527008945,2877.647302263414,24203.66136481464,127783.10750300673,0.05496248981649538,0.054799371187992045,0.0,event_97,full_specific_control,full_specific_control
2031-10-20,-121680.21018736824,18807.880706634176,3762.1169860889763,-144250.2078800914,-16467.10037708466,0.06286955167391159,0.05992072649984095,0.0,event_97,full_specific_control,full_specific_control
2031-10-21,-89790.38940762554,33677.98817654779,4591.584160868801,-128059.96174504214,-144527.0621221268,0.0874488671918619,0.08738066136839644,0.0,event_97,full_specific_control,full_specific_control
2031-10-22,-871952.9526797864,43476.65105172408,5690.210310276488,-921119.814041787,-1065646.8761639139,0.10854595173234496,0.10489550132425114,6694.273046047907,event_97,full_specific_control,full_specific_control
2031-10-23,-951931.1246904847,46446.35173031914,6258.847956478534,-1004636.3243772823,-2070283.2005411962,0.10379494408588856,0.10045652768824131,5449.933391530474,event_97,full_specific_control,full_specific_control
2031-10-24,1252234.8945854418,37251.18268581279,6267.218016294065,1208716.493883335,-861566.7066578611,0.08449509385857322,0.08360403813476297,0.0,event_97,full_specific_control,full_specific_control
2031-10-27,-1601289.678581514,31768.705598267617,5330.857126232079,-1638389.2413060137,-2499955.947963875,0.10049905232009859,0.09508809908442702,481.64006465471175,event_97,full_specific_control,full_specific_control
2031-10-28,-217872.97694399918,21196.310234134125,4998.721562603199,-244068.0087407365,-2744023.9567046114,0.08959040334358787,0.07728518423468922,0.0,event_97,full_specific_control,full_specific_control
2031-10-29,-326987.5294135817,28711.0584914676,6319.255433390155,-362017.8433384395,-3106041.800043051,0.08106414330194123,0.07581415967508866,0.0,event_97,full_specific_control,full_specific_control
2031-11-04,7169.170368144701,11469.165001029802,2262.3542107163644,-6562.348843601465,-6562.348843601465,0.06151307380445211,0.05695651531895472,0.0,event_98,full_specific_control,full_specific_control
2031-11-05,-96282.74252019159,14758.086779123933,2647.4704155776835,-113688.2997148932,-120250.64855849466,0.05875030517697814,0.05627590848382276,0.0,event_98,full_specific_control,full_specific_control
2031-11-06,288280.0121877685,20834.375377651504,3760.418346104905,263685.2184640121,143434.56990551742,0.06694032308480963,0.06622893165549697,0.0,event_98,full_specific_control,full_specific_control
2031-11-07,753991.8179860926,29861.908854834775,4816.607303041668,719313.3018282163,862747.8717337337,0.09116879896114158,0.08570960505518507,0.0,event_98,full_specific_control,full_specific_control
2031-11-10,361678.4853433255,34373.723053185466,5415.680394360515,321889.0818957795,1184636.9536295133,0.08165671506189373,0.07995968485836846,0.0,event_98,full_specific_control,full_specific_control
2031-11-11,-20670.471001508256,36625.784119255615,5796.065968141131,-63092.32108890501,1121544.6325406083,0.10322392434988015,0.09667021391640615,3726.136189418481,event_98,full_specific_control,full_specific_control
2031-11-12,-1158474.180034454,43699.720681946696,5657.797393075955,-1207831.6981094766,-86287.0655688683,0.10735115130460667,0.10342650732923069,7812.620743367821,event_98,full_specific_control,full_specific_control
2031-11-13,732792.0279432887,25814.416890042048,5492.145906978932,701485.4651462677,615198.3995773994,0.08255555918443493,0.0766771761920028,0.0,event_98,full_specific_control,full_specific_control
2031-11-14,3223583.1537748845,22260.702679246315,4464.592777855228,3196857.858317783,3812056.2578951824,0.0904680533918361,0.0874954657671358,0.0,event_98,full_specific_control,full_specific_control
2031-11-17,1001838.7710162556,29577.5837530918,7629.9607790376795,964631.2264841262,4776687.484379308,0.07242602747809126,0.07103926495089416,0.0,event_98,full_specific_control,full_specific_control
2031-11-21,-14091.189297995355,13335.783303113687,2417.5293118256945,-29844.50191293474,-29844.50191293474,0.06021216342437694,0.05916864468360469,0.0,event_99,full_specific_control,full_specific_control
2031-11-24,-47796.96060988944,16732.10080587407,3103.0465267750224,-67632.10794253853,-97476.60985547326,0.0647878601147116,0.0646208406501423,0.0,event_99,full_specific_control,full_specific_control
2031-11-25,-22974.601250864707,23141.0787040153,3690.683163857839,-49806.36311873784,-147282.9729742111,0.07291745823969255,0.07017821619921293,0.0,event_99,full_specific_control,full_specific_control
2031-11-26,-76405.78680852418,35025.40247734217,4709.0817936973235,-116140.27107956367,-263423.24405377475,0.10269813348807881,0.09837184096396784,2563.2056280811375,event_99,full_specific_control,full_specific_control
2031-11-27,536932.5810237615,35249.99483574918,5532.611167503596,496149.9750205088,232726.73096673406,0.08853474632541215,0.08461957586352714,0.0,event_99,full_specific_control,full_specific_control
2031-11-28,-545248.3354895717,35852.76298671274,5898.280911711397,-586999.3793879958,-354272.64842126175,0.09053499623043108,0.08565607069568552,0.0,event_99,full_specific_control,full_specific_control
2031-12-01,-987460.3380473116,35692.099579187125,5728.022746854397,-1028880.4603733531,-1383153.108794615,0.09871485440953029,0.09563922939763167,0.0,event_99,full_specific_control,full_specific_control
2031-12-02,381221.2098974999,28891.5701863715,4798.210046945941,347531.4296641824,-1035621.6791304324,0.09700153458315422,0.09545988100974853,0.0,event_99,full_specific_control,full_specific_control
2031-12-03,-449342.0006836194,22150.92518551252,3833.827962070964,-475326.75383120286,-1510948.4329616353,0.09062144773825365,0.09001847375608818,0.0,event_99,full_specific_control,full_specific_control
2031-12-04,2027999.2907733389,38082.0571271563,8124.821550633705,1981792.4120955488,470843.9791339135,0.08884934816040631,0.08557922017832965,0.0,event_99,full_specific_control,full_specific_control
2031-12-10,150940.60599588335,23128.76700639596,3663.4971622514217,124148.34182723596,124148.34182723596,0.08384680396412429,0.07733743225892709,0.0,event_100,full_specific_control,full_specific_control
2031-12-11,-13088.803845355493,30108.194880711773,4108.137173245022,-47305.135899312285,76843.20592792367,0.08637120905212882,0.08433562102073489,0.0,event_100,full_specific_control,full_specific_control
2031-12-12,86025.1637117709,31812.83364209208,4888.968855755638,49323.361213923185,126166.56714184686,0.08022427426591014,0.07994428594274806,0.0,event_100,full_specific_control,full_specific_control
2031-12-15,-368728.6037567436,45736.65644647895,5796.054323410761,-420261.31452663336,-294094.7473847865,0.11262179299999298,0.10421860654910076,8736.523585109506,event_100,full_specific_control,full_specific_control
2031-12-16,-99673.1625188441,47592.26734107369,6471.5948618993,-153737.02472181708,-447831.7721066036,0.10811544701170227,0.10176111084155944,6382.35946929919,event_100,full_specific_control,full_specific_control
2031-12-17,-47068.78346859341,32536.38995199396,6680.726777049421,-86285.90019763679,-534117.6723042404,0.08272816911879789,0.08017498022548762,0.0,event_100,full_specific_control,full_specific_control
2031-12-18,-720818.3384151823,25488.185678479458,5270.6658915866365,-751577.1899852485,-1285694.8622894888,0.08095044223567313,0.0776000762702998,0.0,event_100,full_specific_control,full_specific_control
2031-12-19,114826.62715380007,22654.390525586543,4809.702448996138,87362.5341792174,-1198332.3281102714,0.07864800589376503,0.07646988220807312,0.0,event_100,full_specific_control,full_specific_control
2031-12-22,201561.17511959412,26893.84133404331,4280.63913099811,170386.6946545527,-1027945.6334557186,0.09521966172429898,0.09207660367199871,0.0,event_100,full_specific_control,full_specific_control
2031-12-23,1611758.5996797828,12928.689637750324,4072.134250363468,1594757.7757916688,566812.1423359502,0.07213789629513209,0.07063442137004922,0.0,event_100,full_specific_control,full_specific_control
2031-12-29,-14915.635418066657,23368.019620291423,3231.8634933915137,-41515.51853174959,-41515.51853174959,0.0837122808216343,0.08150130748900405,0.0,event_101,full_specific_control,full_specific_control
2031-12-30,60648.734092948725,25842.748613104475,3761.9509892149554,31044.0344906293,-10471.484041120293,0.08652372955967376,0.08496247016714456,0.0,event_101,full_specific_control,full_specific_control
2031-12-31,516579.06359008857,34615.23713402445,4333.931938052652,477629.8945180115,467158.4104768912,0.09171807202905667,0.0916743005528046,0.0,event_101,full_specific_control,full_specific_control
2032-01-01,-368789.1721399602,42173.265772733794,5358.428131827506,-416320.8660445215,50837.5444323697,0.1153222246997608,0.10378716033978144,14293.985951852112,event_101,full_specific_control,full_specific_control
2032-01-02,-841562.8605299789,49614.1083716804,6233.007722160124,-897409.9766238193,-846572.4321914497,0.12297941700746427,0.115178391799949,23668.278029815003,event_101,full_specific_control,full_specific_control
2032-01-05,-1038932.5122417415,43361.3075606868,6781.544699037447,-1089075.3645014658,-1935647.7966929155,0.10837185536903654,0.09688264815320484,9216.36066748941,event_101,full_specific_control,full_specific_control
2032-01-06,767508.4742448844,34682.64165559602,5870.663796753625,726955.1687925349,-1208692.6279003806,0.09305187218863642,0.0879838635503687,0.0,event_101,full_specific_control,full_specific_control
2032-01-07,2036725.08612453,31020.099057058786,5149.305682259595,2000555.6813852116,791863.053484831,0.09161154042381606,0.0905549203960237,0.0,event_101,full_specific_control,full_specific_control
2032-01-08,2410359.8704267596,19471.5104117124,4243.182364164932,2386645.1776508824,3178508.2311357134,0.08489754938778946,0.08460058999339112,0.0,event_101,full_specific_control,full_specific_control
2032-01-09,-2997120.75619804,21436.74305349824,4074.43631021656,-3022631.935561755,155876.2955739582,0.10670714751479163,0.09138732009475559,7179.877175599875,event_101,full_specific_control,full_specific_control
2032-01-15,19500.66578334339,21254.118376936072,3064.427941386771,-4817.880534979455,-4817.880534979455,0.07419690049836976,0.07285313876727996,0.0,event_102,full_specific_control,full_specific_control
2032-01-16,168599.00709743446,26147.63063404363,3592.937758727709,138858.43870466313,134040.55816968367,0.09288061989704868,0.08626329763070394,0.0,event_102,full_specific_control,full_specific_control
2032-01-19,-730925.6018907912,28282.829791771448,4118.728650691171,-763327.1603332539,-629286.6021635702,0.09448125376806878,0.09052799540751615,0.0,event_102,full_specific_control,full_specific_control
2032-01-20,-12215.797871582525,29985.19741839999,5340.326000526609,-47541.32129050912,-676827.9234540793,0.0900300945065428,0.08825126944408741,0.0,event_102,full_specific_control,full_specific_control
2032-01-21,-167395.53566411964,36319.15816724529,6172.192700666025,-209886.88653203094,-886714.8099861103,0.08592619025949565,0.0839376803034955,0.0,event_102,full_specific_control,full_specific_control
2032-01-22,-231638.49267278702,32437.37437558744,6198.531517488479,-270274.3985658629,-1156989.208551973,0.08342355763141646,0.07958918634185509,0.0,event_102,full_specific_control,full_specific_control
2032-01-23,89733.99525611887,42172.79523044543,6530.04414502451,41031.15588064893,-1115958.0526713242,0.1105417762527913,0.10757377546331183,8906.297482499183,event_102,full_specific_control,full_specific_control
2032-01-26,6711905.38320322,25175.289331365755,5221.122507947242,6681508.971363907,5565550.918692582,0.08420557395078804,0.07695167648451372,0.0,event_102,full_specific_control,full_specific_control
2032-01-27,918164.2153206982,21124.028445478358,4750.358239121218,892289.8286360985,6457840.747328681,0.09907522378249407,0.08934323891892626,0.0,event_102,full_specific_control,full_specific_control
2032-01-28,-548775.1936305638,15422.509372533123,4323.403017190777,-568521.1060202876,5889319.641308393,0.06471374290016757,0.06284038323438719,0.0,event_102,full_specific_control,full_specific_control
2032-02-03,18850.73573095412,38762.43868717769,3279.7546273874254,-23191.457583610994,-23191.457583610994,0.13094237597365826,0.12722741810414306,11457.367661236196,event_103,full_specific_control,full_specific_control
2032-02-04,-410393.8223683993,33950.295877216435,3880.3355780041315,-448224.4538236199,-471415.9114072309,0.10245678185582259,0.09637898555055698,1316.2032399383897,event_103,full_specific_control,full_specific_control
2032-02-05,392725.39338979585,40397.33182762545,4381.689869637409,347946.37169253296,-123469.53971469792,0.10965036683215672,0.104740399383606,5480.774380071147,event_103,full_specific_control,full_specific_control
2032-02-06,82869.88372893204,55988.97247179513,5595.034457132963,21285.87680000394,-102183.66291469398,0.1433898011651541,0.13803222720751082,27163.372476532895,event_103,full_specific_control,full_specific_control
2032-02-09,619968.410220079,49406.31152864173,6126.922293159696,564435.1763982776,462251.51348358364,0.12387676241908403,0.12252184093074939,25223.934467733634,event_103,full_specific_control,full_specific_control
2032-02-10,301820.4823433377,48310.04489831289,6387.597369463281,247122.84007556151,709374.3535591451,0.13102628275999406,0.12953160678635703,28250.46362230352,event_103,full_specific_control,full_specific_control
2032-02-11,-600453.7366765889,50864.490736716565,5493.251806902601,-656811.479220208,52562.87433893711,0.14061523544830776,0.13869188756823286,29280.020755563062,event_103,full_specific_control,full_specific_control
2032-02-12,108563.90151843205,34784.21734873271,5089.730024024306,68689.95414567503,121252.82848461214,0.10879276685408236,0.10837244716177638,11445.562073399604,event_103,full_specific_control,full_specific_control
2032-02-13,-2614709.2387830745,31903.81696875746,4371.029033947389,-2650984.0847857795,-2529731.2563011674,0.13041900973618176,0.12803964412671587,32396.262066510302,event_103,full_specific_control,full_specific_control
2032-02-16,1851866.2878779774,19110.84132439887,5168.998523811365,1827586.4480297673,-702144.8082714002,0.08895724514135736,0.08571003554315879,0.0,event_103,full_specific_control,full_specific_control
2032-02-20,145105.86576600478,33478.9912599581,3473.93779015073,108152.93671589595,108152.93671589595,0.10569613646795217,0.09940671918383841,2508.6767522375667,event_104,full_specific_control,full_specific_control
2032-02-23,-86573.8680779027,37454.01609004037,3989.0470040802984,-128016.93117202338,-19863.99445612743,0.11403238467668902,0.11085645982011649,6828.182139761266,event_104,full_specific_control,full_specific_control
2032-02-24,-50795.503600727665,46162.74962766861,4832.793056815998,-101791.04628521226,-121655.04074133969,0.1341857318121353,0.12167397655791934,17715.43160054632,event_104,full_specific_control,full_specific_control
2032-02-25,-530648.397533369,43725.10890259912,5507.048057575591,-579880.5544935437,-701535.5952348834,0.11582687164751292,0.10248776083332323,11053.95591200079,event_104,full_specific_control,full_specific_control
2032-02-26,68946.39177604906,48185.065778450284,6269.1916806537665,14492.134316945008,-687043.4609179384,0.13308899288709491,0.12651215610018982,21139.65882881463,event_104,full_specific_control,full_specific_control
2032-02-27,730286.0460064993,49941.1793505843,6411.529659380053,673933.336996535,-13110.123921403429,0.1250033069832608,0.12078654103676306,29815.21296677689,event_104,full_specific_control,full_specific_control
2032-03-01,1185396.626078225,42385.296848213286,6119.17220253929,1136892.1570274723,1123782.0331060688,0.1162174366217945,0.11431523243222727,21653.797482731956,event_104,full_specific_control,full_specific_control
2032-03-02,-88403.43373360865,29213.30596203211,4853.252898532552,-122469.99259417331,1001312.0405118956,0.1067696336494697,0.09708494686956355,10249.474605454045,event_104,full_specific_control,full_specific_control
2032-03-03,821727.1762829348,24955.780233872152,4328.270531323171,792443.1255177396,1793755.1660296351,0.10180907206229184,0.09232733109507998,1854.6978002159303,event_104,full_specific_control,full_specific_control
2032-03-04,-471197.226018676,17030.4673828464,4592.826657845712,-492820.5200593681,1300934.645970267,0.08697802380710401,0.08068813699653064,0.0,event_104,full_specific_control,full_specific_control
2032-03-10,74227.35141307098,28564.41913209094,3441.2395532853834,42221.69272769465,42221.69272769465,0.08931713286906016,0.08860454780555445,0.0,event_105,full_specific_control,full_specific_control
2032-03-11,-28398.396986302847,27859.153468022683,4170.8902651485305,-60428.44071947406,-18206.74799177941,0.0901485187655774,0.08347001658324375,0.0,event_105,full_specific_control,full_specific_control
2032-03-12,-514739.49387799174,31006.49638131164,4478.960361800069,-550224.9506211034,-568431.6986128828,0.0906596585368439,0.08622513305847085,0.0,event_105,full_specific_control,full_specific_control
2032-03-15,-1235037.1737638183,39341.76283242884,5759.9881146617745,-1280138.924710909,-1848570.6233237917,0.10213771207951859,0.09463958508430079,2105.3003444444475,event_105,full_specific_control,full_specific_control
2032-03-16,1062004.7454565985,54040.47543766464,6091.885813995515,1001872.3842049383,-846698.2391188534,0.13283986239966436,0.128989384287436,25400.615106977886,event_105,full_specific_control,full_specific_control
2032-03-17,-1306146.0017720803,47297.31467221155,6112.456105177533,-1359555.7725494695,-2206254.0116683226,0.11252348211860144,0.11008040296379062,9823.07968790119,event_105,full_specific_control,full_specific_control
2032-03-18,250130.54041123143,34780.61099684813,6395.212480497389,208954.7169338859,-1997299.2947344368,0.09251629383362629,0.08931341773404343,0.0,event_105,full_specific_control,full_specific_control
2032-03-19,348107.1947468587,30806.02961748853,5054.579738744853,312246.58539062535,-1685052.7093438115,0.11476796869774783,0.11008146450987366,12480.687342458317,event_105,full_specific_control,full_specific_control
2032-03-22,1232994.073170629,20131.619113606648,3932.0230488785933,1208930.4310081438,-476122.2783356677,0.095261008549679,0.09247612698199387,0.0,event_105,full_specific_control,full_specific_control
2032-03-23,-1095712.8952216795,19417.021100079786,4334.040418567566,-1119463.956740327,-1595586.2350759946,0.07127560823919826,0.0691887574359135,0.0,event_105,full_specific_control,full_specific_control
2032-03-29,-90425.06386874619,21654.67242276767,3278.6782873809293,-115358.4145788948,-115358.4145788948,0.07841326683944724,0.07434603434732232,0.0,event_106,full_specific_control,full_specific_control
2032-03-30,296270.7074397957,27503.814115090572,3547.3018866215593,265219.59143808356,149861.17685918877,0.08650313404516216,0.08640048025981267,0.0,event_106,full_specific_control,full_specific_control
2032-03-31,-194593.87708564507,24190.6986090879,4427.394244072012,-223211.96993880498,-73350.79307961621,0.07039562312708166,0.0696311288198887,0.0,event_106,full_specific_control,full_specific_control
2032-04-01,121847.10329400674,38964.7203311105,5465.839434331872,77416.54352856436,4065.7504489481507,0.09025554491224229,0.08854113534814258,0.0,event_106,full_specific_control,full_specific_control
2032-04-02,145255.24835345917,38361.39953164838,6536.883028909262,100356.96579290154,104422.71624184969,0.09260523897656295,0.08717306038021401,0.0,event_106,full_specific_control,full_specific_control
2032-04-05,311429.2869283454,41869.51127794796,6608.986113726854,262950.78953667055,367373.50577852025,0.09757887130176832,0.09513610990149826,0.0,event_106,full_specific_control,full_specific_control
2032-04-06,-1331070.5126883977,38689.93841916879,5840.796938103172,-1375601.2480456696,-1008227.7422671494,0.1050471649590909,0.10471425068893081,5980.524021764897,event_106,full_specific_control,full_specific_control
2032-04-07,-135040.31948734695,24812.531830511896,5011.900558168134,-164864.75187602697,-1173092.4941431764,0.09082520589485597,0.08406867684287876,0.0,event_106,full_specific_control,full_specific_control
2032-04-08,-583691.3225442471,27985.12878660333,3690.19164936629,-615366.6429802168,-1788459.1371233931,0.10089571467666109,0.0984620061648266,1233.0699082205247,event_106,full_specific_control,full_specific_control
2032-04-09,76977.68885595986,21730.558769122454,4677.891948876898,50569.238137960514,-1737889.8989854327,0.07644434135189394,0.07474279642718983,0.0,event_106,full_specific_control,full_specific_control
2032-04-15,62400.29776810378,12732.574306344326,2161.162541804522,47506.56091995493,47506.56091995493,0.05946185151463124,0.05931780956693241,0.0,event_107,full_specific_control,full_specific_control
2032-04-16,-231070.8558782263,15263.251947146398,2895.5988484032373,-249229.70667377595,-201723.145753821,0.05862044395400489,0.057984155374306165,0.0,event_107,full_specific_control,full_specific_control
2032-04-19,21891.89036991581,24556.856336202873,3666.943259722016,-6331.909226009078,-208055.05497983008,0.0841788528617537,0.07882615489766913,0.0,event_107,full_specific_control,full_specific_control
2032-04-20,324337.2241974974,41846.070280748696,4831.80595451314,277659.34796223557,69604.29298240549,0.11003816161656825,0.10912009443940314,9814.210981413999,event_107,full_specific_control,full_specific_control
2032-04-21,-269834.87671623996,38275.15276725083,5972.897647299219,-314082.92713079,-244478.63414838453,0.09453157445132153,0.09312639691852849,0.0,event_107,full_specific_control,full_specific_control
2032-04-22,-65475.415150240326,44272.47751331607,6190.709098853557,-115938.60176240996,-360417.23591079446,0.10738883504652257,0.10487251367755245,8208.637621139264,event_107,full_specific_control,full_specific_control
2032-04-23,254674.72443028388,42765.31690080452,5608.351822384054,206301.0557070953,-154116.18020369916,0.1289616457648937,0.1233949983723165,25621.870309718593,event_107,full_specific_control,full_specific_control
2032-04-26,976884.1512688374,31071.83130955474,5583.869412859951,940228.4505464227,786112.2703427236,0.10801360794109206,0.10300736905471419,11993.165383552929,event_107,full_specific_control,full_specific_control
2032-04-27,170676.50926004868,24034.086307203368,4755.330057027013,141887.0928958183,927999.3632385419,0.09606157131534558,0.0891079089785212,0.0,event_107,full_specific_control,full_specific_control
2032-04-28,885270.8939001586,35090.08378074658,7482.2610563218495,842698.5490630901,1770697.912301632,0.08504163395713776,0.07988618690546354,0.0,event_107,full_specific_control,full_specific_control
2032-05-04,-78167.13013736422,22200.77147782803,3136.6193397944844,-103504.52095498674,-103504.52095498674,0.09211111253487247,0.08815713024697563,0.0,event_108,full_specific_control,full_specific_control
2032-05-05,-28362.202514237884,27848.39569647741,3564.444800600507,-59775.0430113158,-163279.56396630255,0.09975253230630267,0.0902209065266036,0.0,event_108,full_specific_control,full_specific_control
2032-05-06,686006.7507444271,26674.804517903005,4362.272409744622,654969.6738167794,491690.10985047685,0.08745760882367838,0.07974683775510162,0.0,event_108,full_specific_control,full_specific_control
2032-05-07,-669344.7906979837,35011.89853941639,5153.444179709325,-709510.1334171094,-217820.02356663253,0.09908658211472306,0.09691526746514129,0.0,event_108,full_specific_control,full_specific_control
2032-05-10,229065.8540061676,46054.87078483319,6158.924892407311,176852.0583289271,-40967.965237705444,0.10395966115189818,0.10048575617540448,2878.707914965111,event_108,full_specific_control,full_specific_control
2032-05-11,-1156702.7192572276,37446.14290349763,6213.432809216868,-1200362.2949699422,-1241330.2602076477,0.11034769097142216,0.10713802251544198,10100.314944017606,event_108,full_specific_control,full_specific_control
2032-05-12,-1630436.1433080717,44906.408787565306,6266.675892658205,-1681609.2279882953,-2922939.4881959427,0.11812026669872715,0.11273980640307736,17502.023251784427,event_108,full_specific_control,full_specific_control
2032-05-13,2804940.460794312,34588.94829908732,5634.029086875249,2764717.4834083496,-158222.00478759315,0.10511507424700402,0.1019374371094659,7866.311318538064,event_108,full_specific_control,full_specific_control
2032-05-14,605042.8939612985,28259.258166560132,4767.041047387808,572016.5947473507,413794.5899597575,0.0922145991772713,0.09094846936196589,0.0,event_108,full_specific_control,full_specific_control
2032-05-17,31232.105325949447,18064.774691929964,4913.594256886891,8253.73637713259,422048.3263368901,0.07467231332550618,0.07284349685046951,0.0,event_108,full_specific_control,full_specific_control
2031-10-16,129246.06644165987,16416.48137601448,2698.648039289555,110130.93702635584,110130.93702635584,0.06176015089059446,0.06161723500278875,0.0,event_97,systematic_first,systematic_first
2031-10-17,42900.94437999348,16701.694726420883,3210.524595949948,22988.72505762265,133119.66208397847,0.059215160142263384,0.05883806269317652,0.0,event_97,systematic_first,systematic_first
2031-10-20,-147830.3417565881,21107.13634874901,4000.2917760340765,-172937.7698813712,-39818.10779739273,0.06389637615293392,0.061867570651220255,0.0,event_97,systematic_first,systematic_first
2031-10-21,-139236.89266600073,32810.01841181061,4547.600201167994,-176594.5112789793,-216412.61907637204,0.08421257000066024,0.08288394180485828,0.0,event_97,systematic_first,systematic_first
2031-10-22,-910978.5624657535,43298.75875117327,5706.775576468119,-959984.0967933949,-1176396.715869767,0.10666818545209916,0.10120507263435952,5223.36838963021,event_97,systematic_first,systematic_first
2031-10-23,-1078671.4118795185,47853.42352795898,6380.89117033336,-1132905.726577811,-2309302.4424475776,0.10379493111589065,0.10045651445756146,5449.914765267982,event_97,systematic_first,systematic_first
2031-10-24,1458977.0340943502,37169.17049679381,6244.217253565477,1415563.646343991,-893738.7961035867,0.08449504996589495,0.08360401318283736,0.0,event_97,systematic_first,systematic_first
2031-10-27,-1664168.5244402098,30477.20870122208,4988.816581295769,-1699634.5497227276,-2593373.3458263143,0.10049903959155697,0.09508806593957907,481.62778022006387,event_97,systematic_first,systematic_first
2031-10-28,-219302.51253169085,20162.288118741126,4522.542083481488,-243987.34273391348,-2837360.688560228,0.08959046803292034,0.07728521440938052,0.0,event_97,systematic_first,systematic_first
2031-10-29,-326987.529407115,28634.557754672092,6307.2459616649785,-361929.3331234521,-3199290.02168368,0.0810641453369117,0.07581415596323142,0.0,event_97,systematic_first,systematic_first
2031-11-04,5675.741437140374,14663.761981949552,2564.956105797739,-11552.976650606917,-11552.976650606917,0.06590738717381915,0.06255310675911399,0.0,event_98,systematic_first,systematic_first
2031-11-05,-105180.9403227576,17878.64318409839,2927.942783529708,-125987.5262903857,-137540.50294099262,0.06327577316145921,0.061690183596035925,0.0,event_98,systematic_first,systematic_first
2031-11-06,307554.6491751025,22909.167560291004,3955.2397783480774,280690.2418364634,143149.73889547077,0.06770619309840717,0.06693683761747028,0.0,event_98,systematic_first,systematic_first
2031-11-07,853456.4366242104,28463.66905944674,4751.6773421442795,820241.0902226194,963390.8291180901,0.08331102500020984,0.07777883845804257,0.0,event_98,systematic_first,systematic_first
2031-11-10,330520.4782280769,35001.34757967998,5520.913375763223,289998.2172726337,1253389.046390724,0.08004189517290171,0.07911911435817794,0.0,event_98,systematic_first,systematic_first
2031-11-11,-26270.09612230862,37878.01537526147,5917.667693822391,-70065.77919139249,1183323.2671993314,0.10322390200045943,0.09667032210011159,3726.110358481921,event_98,systematic_first,systematic_first
2031-11-12,-1065868.1319218848,43957.57853557355,5671.61856670561,-1115497.329024164,67825.93817516742,0.10735119123195233,0.10342651398128186,7812.663177157578,event_98,systematic_first,systematic_first
2031-11-13,722829.6474709078,24797.630746755924,5235.489732719533,692796.5269914323,760622.4651665997,0.08255556643942719,0.07667727846657406,0.0,event_98,systematic_first,systematic_first
2031-11-14,3163494.4624553565,21498.803498365225,4190.9257854704965,3137804.7331715208,3898427.1983381202,0.09046797748716395,0.0874954240719952,0.0,event_98,systematic_first,systematic_first
2031-11-17,1001838.7710187624,28723.116930914828,7368.219352304648,965747.4347355429,4864174.633073663,0.07242601757428552,0.07103918773621554,0.0,event_98,systematic_first,systematic_first
2031-11-21,-17751.69021731822,17128.74166025421,2752.763977016779,-37633.19585458921,-37633.19585458921,0.06732982604208891,0.06595481101425782,0.0,event_99,systematic_first,systematic_first
2031-11-24,-27371.11344619625,20412.59439417977,3447.6399960660815,-51231.3478364421,-88864.54369103131,0.07119858834558553,0.07071558517564644,0.0,event_99,systematic_first,systematic_first
2031-11-25,-11604.332008781927,25848.441618452183,3904.456883811717,-41357.23051104583,-130221.77420207715,0.07356443239488633,0.07115075792282506,0.0,event_99,systematic_first,systematic_first
2031-11-26,-53105.979447605176,33586.7510199568,4657.066515986238,-91349.79698354822,-221571.5711856254,0.09327055919131234,0.09244741206560798,0.0,event_99,systematic_first,systematic_first
2031-11-27,523466.4083517957,35355.61241637053,5549.548270762903,482561.24766466225,260989.67647903686,0.08668540269987533,0.08416159741359443,0.0,event_99,systematic_first,systematic_first
2031-11-28,-589354.2543672929,36318.072310665855,5946.965379301476,-631619.2920572602,-370629.6155782233,0.09053500879861942,0.08565608471388945,0.0,event_99,systematic_first,systematic_first
2031-12-01,-1006095.0064395551,34977.74589450268,5646.33161859296,-1046719.0839526508,-1417348.6995308741,0.09871486528581462,0.09563924359326582,0.0,event_99,systematic_first,systematic_first
2031-12-02,393595.2269540193,26780.053331707917,4371.060751031345,362444.11287128006,-1054904.586659594,0.0970015353893392,0.0954598739448931,0.0,event_99,systematic_first,systematic_first
2031-12-03,-463682.16408776416,22395.395940480234,3936.135398389979,-490013.6954266344,-1544918.2820862285,0.09062144930269027,0.09001841246752841,0.0,event_99,systematic_first,systematic_first
2031-12-04,2027999.290768937,36261.53876343345,7773.727446711838,1983964.0245587917,439045.7424725632,0.08884935003062704,0.08557921682483387,0.0,event_99,systematic_first,systematic_first
2031-12-10,189632.32109357842,35977.41979986428,4490.878246735639,149164.0230469785,149164.0230469785,0.10419308696737982,0.10031824040156984,3257.9819320699025,event_100,systematic_first,systematic_first
2031-12-11,-51960.14357805996,46287.94947137102,4999.495948373181,-103247.58899780417,45916.43404917432,0.11363970948972228,0.10811834763854505,7502.000332828255,event_100,systematic_first,systematic_first
2031-12-12,122626.95380899348,43733.016712586395,5650.815282535093,73243.12181387199,119159.5558630463,0.09578674838350268,0.09323878833724189,0.0,event_100,systematic_first,systematic_first
2031-12-15,-397589.2860765474,52291.68253022444,6192.206911368571,-456073.17551814043,-336913.6196550941,0.11687304889297262,0.11066919525850122,11679.148089835027,event_100,systematic_first,systematic_first
2031-12-16,-119775.0138801533,49651.42353954471,6625.5660698994025,-176052.0034895974,-512965.6231446915,0.10811544702898387,0.10215188195138784,6382.359482890228,event_100,systematic_first,systematic_first
2031-12-17,-64102.780926461106,30796.76985800628,6485.315687872369,-101384.86647233975,-614350.4896170313,0.08272816913455795,0.08017498023932765,0.0,event_100,systematic_first,systematic_first
2031-12-18,-749497.7983448642,22563.519584448874,4693.021385955822,-776754.3393152689,-1391104.8289323002,0.08036591844508617,0.07733704057063423,0.0,event_100,systematic_first,systematic_first
2031-12-19,167623.2384913947,18481.09785738717,3692.882711558403,145449.25792244912,-1245655.571009851,0.07468778102405749,0.07215002579839797,0.0,event_100,systematic_first,systematic_first
2031-12-22,167856.8332245366,27215.621206755353,4329.4949265199975,136311.71709126123,-1109343.85391859,0.09521966173264067,0.09207660368359732,0.0,event_100,systematic_first,systematic_first
2031-12-23,1611758.5996797874,10466.576804990527,3146.2229053177475,1598145.7999694792,488801.9460508893,0.07213789630524914,0.07063442137756076,0.0,event_100,systematic_first,systematic_first
2031-12-29,-24095.052147230646,30859.941132670745,3684.7283554566507,-58639.721635358044,-58639.721635358044,0.09293760241142707,0.09245319509061026,0.0,event_101,systematic_first,systematic_first
2031-12-30,44412.550303855525,33543.289302227575,4266.437395140706,6602.823606487244,-52036.8980288708,0.11316512248357892,0.09972580311104942,9817.083765616975,event_101,systematic_first,systematic_first
2031-12-31,536712.3217824112,42073.727303146916,4758.024453900337,489880.57002536394,437843.6719964931,0.10782032820190157,0.10647467602658957,7382.211259014119,event_101,systematic_first,systematic_first
2032-01-01,-361535.2276039425,46836.58144418968,5644.028737148377,-414015.83778528054,23827.834211212583,0.11532222471345753,0.10764692263206736,14293.985964629683,event_101,systematic_first,systematic_first
2032-01-02,-862377.6625302612,52114.981697234034,6378.742900922503,-920871.3871284177,-897043.5529172051,0.11937604107375566,0.11699583712819717,19956.882592008347,event_101,systematic_first,systematic_first
2032-01-05,-1095599.884015387,42767.76428720993,6719.369344089746,-1145087.0176466864,-2042130.5705638914,0.10837185537027612,0.09688264813088873,9216.360668854031,event_101,systematic_first,systematic_first
2032-01-06,794979.6348136854,32231.046354235557,5574.760135936165,757173.8283235136,-1284956.7422403777,0.09305187213401903,0.0879838635263372,0.0,event_101,systematic_first,systematic_first
2032-01-07,2027742.9116245385,28208.578216885195,4605.481771093099,1994928.8516365602,709972.1093961825,0.09161154042911104,0.09055492039149608,0.0,event_101,systematic_first,systematic_first
2032-01-08,2392690.3576405644,17826.359299918735,4091.5253945499317,2370772.4729460957,3080744.582342278,0.08489754937073997,0.0846005899882447,0.0,event_101,systematic_first,systematic_first
2032-01-09,-2997120.7561980486,17406.907967937317,3556.857715202698,-3018084.5218811883,62660.060461089946,0.09141308709080712,0.0845049928950197,0.0,event_101,systematic_first,systematic_first
2032-01-15,24799.99575772835,26455.94489290706,3429.9214638491558,-5085.870599027867,-5085.870599027867,0.09165762318426005,0.08378119600203388,0.0,event_102,systematic_first,systematic_first
2032-01-16,180744.20710842716,31979.22277887803,3980.472744829457,144784.51158471967,139698.6409856918,0.09961471712808369,0.0962082082340897,0.0,event_102,systematic_first,systematic_first
2032-01-19,-819647.7076388649,33739.38908854693,4488.310739835169,-857875.407467247,-718176.7664815552,0.11292145032531782,0.10164192984415218,10701.309033321231,event_102,systematic_first,systematic_first
2032-01-20,1528.2387489382936,32811.73715031609,5589.728598064111,-36873.22699944191,-755049.993480997,0.09406510377476969,0.09309282825370054,0.0,event_102,systematic_first,systematic_first
2032-01-21,-195135.32274439913,36847.35040613289,6224.719974119607,-238207.39312465163,-993257.3866056487,0.08592619022757955,0.0847461331019534,0.0,event_102,systematic_first,systematic_first
2032-01-22,-248346.7761731281,31600.753951611354,6142.748459990056,-286090.27858472953,-1279347.6651903782,0.08342355762561454,0.0790651382444696,0.0,event_102,systematic_first,systematic_first
2032-01-23,2434.140292910248,38121.58681199321,6183.623748071049,-41871.07026715401,-1321218.735457532,0.10979850368239859,0.10306443001517229,8278.338164851317,event_102,systematic_first,systematic_first
2032-01-26,6858810.166693588,21483.324292999452,4824.728726216354,6832502.1136743715,5511283.378216839,0.07669216477654901,0.07352956798035763,0.0,event_102,systematic_first,systematic_first
2032-01-27,895615.4781438417,20815.031249172687,4560.251400394442,870240.1954942746,6381523.573711114,0.09907522377996732,0.0893432389130024,0.0,event_102,systematic_first,systematic_first
2032-01-28,-548775.193630562,14195.803037056208,4014.1126364384972,-566985.1093040567,5814538.4644070575,0.06471374284002984,0.06284038319783453,0.0,event_102,systematic_first,systematic_first
2032-02-03,21445.886937236566,50340.859095434986,3730.430217447184,-32625.402375645604,-32625.402375645604,0.15577103453066618,0.14650342255060422,18752.467809183072,event_103,systematic_first,systematic_first
2032-02-04,-473282.25457547035,43371.386041863014,4396.062934732916,-521049.7035520663,-553675.1059277119,0.10805525766726182,0.10652802528484091,4315.546459715544,event_103,systematic_first,systematic_first
2032-02-05,446828.45279106393,50181.27753823046,4849.856114363012,391797.31913847046,-161877.78678924148,0.12996108125376576,0.12172098713382297,17015.925859698218,event_103,systematic_first,systematic_first
2032-02-06,165958.2991569342,61749.9832744901,5880.858864473284,98327.45701797081,-63550.32977127067,0.1441782478745585,0.14219616294463827,32754.228371780497,event_103,systematic_first,systematic_first
2032-02-09,643164.9534647806,51333.90937651889,6247.323634301724,585583.7204539599,522033.3906826892,0.12627046204039474,0.12609425030749563,27752.69114435582,event_103,systematic_first,systematic_first
2032-02-10,272970.76441644365,46966.20735560021,6306.813597431695,219697.74346341175,741731.134146101,0.13102628276004255,0.12860240095516712,28250.46362234767,event_103,systematic_first,systematic_first
2032-02-11,-632427.4152701203,46448.19363152386,5128.791121122015,-684004.4000227661,57726.73412333487,0.1406152353981924,0.13367893839444447,28755.41617709129,event_103,systematic_first,systematic_first
2032-02-12,85364.2282163289,30065.23902788883,4560.966986432277,50738.02220200779,108464.75632534266,0.10879276683917931,0.10529300151203823,7839.0596800631465,event_103,systematic_first,systematic_first
2032-02-13,-2763634.5111820484,29549.65943088281,4014.6053509851877,-2797198.7759639164,-2688734.0196385738,0.12609289043650368,0.12556631461687676,25617.820565439833,event_103,systematic_first,systematic_first
2032-02-16,1851866.2878779757,17728.4480680077,4851.8249386832795,1829286.0148712848,-859448.0047672889,0.08895724514061436,0.0857100355364741,0.0,event_103,systematic_first,systematic_first
2032-02-20,171974.62346412914,47005.288415426294,4088.382498423503,120880.95255027934,120880.95255027934,0.13017792676596632,0.1199707969216554,13290.8794819877,event_104,systematic_first,systematic_first
2032-02-23,-86907.23077809848,51829.385416525605,4662.28245623554,-143398.89865085966,-22517.946100580317,0.1398312474666306,0.13475949796791842,19381.952449455755,event_104,systematic_first,systematic_first
2032-02-24,-32866.894080730075,57236.574043737775,5409.723382571883,-95513.19150703974,-118031.13760762005,0.14748101865906738,0.134846105862323,24605.19912229522,event_104,systematic_first,systematic_first
2032-02-25,-597831.0336236188,48891.56277454906,5889.734104509685,-652612.3305026775,-770643.4681102976,0.11582687154261308,0.10886168257409828,11053.955838735637,event_104,systematic_first,systematic_first
2032-02-26,60464.878727256815,49230.937980227245,6375.916095738374,4858.024651291196,-765785.4434590064,0.13308899266788418,0.130532732196288,25120.804289725493,event_104,systematic_first,systematic_first
2032-02-27,801654.7707636352,47791.76668256588,6241.459923257183,747621.544157812,-18163.899301194353,0.12500330698822873,0.11769028908364422,29815.212972700916,event_104,systematic_first,systematic_first
2032-03-01,1218139.5534384544,36201.906529165615,5410.194839008498,1176527.4520702804,1158363.552769086,0.11621743660965238,0.11037416552704125,21653.79746651958,event_104,systematic_first,systematic_first
2032-03-02,-86795.63710676656,25790.902833329277,4271.716515060832,-116858.25645515668,1041505.2963139294,0.10676963363244903,0.09708494682239995,10249.474579684116,event_104,systematic_first,systematic_first
2032-03-03,773270.6265528098,23310.769680146004,4190.910408340954,745768.9464643229,1787274.2427782523,0.10180907201058362,0.09232733106130404,1854.6977472035942,event_104,systematic_first,systematic_first
2032-03-04,-471197.2260186776,14805.011198806782,4114.489105128804,-490116.7263226132,1297157.5164556392,0.08697802378822383,0.08068813697304564,0.0,event_104,systematic_first,systematic_first
2032-03-10,78314.72427646322,36414.47897668151,3890.89940854622,38009.3458912355,38009.3458912355,0.10723079457606385,0.10563497230168781,4792.293933391295,event_105,systematic_first,systematic_first
2032-03-11,-38758.25340969908,35487.86199672463,4709.009616236433,-78955.12502266014,-40945.77913142464,0.11613053844996288,0.10042935225777609,11700.204706901874,event_105,systematic_first,systematic_first
2032-03-12,-611957.924159502,38947.33037572185,4962.547010289048,-655867.8015455129,-696813.5806769375,0.11682664691787444,0.10349016987344753,14451.820321538238,event_105,systematic_first,systematic_first
2032-03-15,-1440987.0288945413,44409.97439732142,6097.780721494074,-1491494.7840133568,-2188308.3646902945,0.10923949543874037,0.10073742458459298,9099.407313099684,event_105,systematic_first,systematic_first
2032-03-16,1191270.310839372,56086.963013616696,6198.990479689835,1128984.3573460656,-1059324.007344229,0.13439834148312382,0.1296906999143143,26606.0503450876,event_105,systematic_first,systematic_first
2032-03-17,-1382361.1493182986,45694.05197165279,5985.062353408876,-1434040.2636433602,-2493364.270987589,0.10901694813868752,0.10850246269915972,12234.56978356329,event_105,systematic_first,systematic_first
2032-03-18,270618.3134121327,31516.488980349568,6008.72320052746,233093.10123125566,-2260271.1697563333,0.09005908763720993,0.08654738893193577,0.0,event_105,systematic_first,systematic_first
2032-03-19,347711.0459682155,28745.055919933566,4550.778259688148,314415.2117885938,-1945855.9579677396,0.11476796869733168,0.11008146451112756,12480.687342106627,event_105,systematic_first,systematic_first
2032-03-22,1193103.0201939165,18498.975207981104,3696.1438959175503,1170907.9010900178,-774948.0568777218,0.09526100855119221,0.09247612698250854,0.0,event_105,systematic_first,systematic_first
2032-03-23,-1095712.895221678,17084.30751749857,3961.7448214771684,-1116758.9475606538,-1891707.0044383756,0.0712756082441261,0.06613247279864995,0.0,event_105,systematic_first,systematic_first
2032-03-29,-99916.49008339764,27100.50774588215,3681.196950706773,-130698.19477998656,-130698.19477998656,0.09311533347715753,0.08582614411487209,0.0,event_106,systematic_first,systematic_first
2032-03-30,320571.85374793265,34110.159044597196,3963.18479660571,282498.50990672974,151800.31512674317,0.10281037703548875,0.10237752181639585,1906.3248529157718,event_106,systematic_first,systematic_first
2032-03-31,-216499.16418048256,28991.26950775066,4831.386837333735,-250321.82052556696,-98521.50539882379,0.08263841581848139,0.0768368139563454,0.0,event_106,systematic_first,systematic_first
2032-04-01,169324.29813402172,44118.61082474006,5800.225977945087,119405.46133133658,20883.955932512792,0.10082238706572913,0.10066097098001092,758.8110716837982,event_106,systematic_first,systematic_first
2032-04-02,147274.8786716894,38239.26088337799,6537.051247437088,102498.56654087432,123382.52247338711,0.09260523896902803,0.08516829847131767,0.0,event_106,systematic_first,systematic_first
2032-04-05,362400.44259082194,40195.535147126226,6444.689475454272,315760.2179682414,439142.74044162856,0.09757887128553051,0.09513610988678894,0.0,event_106,systematic_first,systematic_first
2032-04-06,-1418429.2803016969,35871.05089376348,5469.3332316360165,-1459769.6644270965,-1020626.923985468,0.10504716496880857,0.10440898771406723,5980.524033279624,event_106,systematic_first,systematic_first
2032-04-07,-168412.10901401401,23951.78332598986,4785.617482765275,-197149.50982276915,-1217776.433808237,0.0908252058910465,0.0840686768435238,0.0,event_106,systematic_first,systematic_first
2032-04-08,-514380.5902726167,26922.33002614722,3578.190707838768,-544881.1110066026,-1762657.5448148397,0.1008957146823679,0.09846200613285322,1233.0699160766962,event_106,systematic_first,systematic_first
2032-04-09,76977.68885596175,18956.059082964603,4218.629186181188,53803.000586815964,-1708854.5442280238,0.07644434130912715,0.07474279640733003,0.0,event_106,systematic_first,systematic_first
2032-04-15,77403.51677362552,16950.103319903115,2507.6720973668316,57945.741356355575,57945.741356355575,0.07071416354781246,0.07016547600299392,0.0,event_107,systematic_first,systematic_first
2032-04-16,-289199.7865279711,18985.631996330918,3244.7306165811415,-311430.1491408832,-253484.4077845276,0.06440749774412395,0.06260148949783631,0.0,event_107,systematic_first,systematic_first
2032-04-19,-8827.845219924206,27106.187053724756,3866.3623874870495,-39800.39466113601,-293284.8024456636,0.08475021809626299,0.08046741466860767,0.0,event_107,systematic_first,systematic_first
2032-04-20,383357.5679117016,38112.72616889204,4706.5398811746,340538.30186163494,47253.49941597134,0.09858078829054537,0.09809129343625075,0.0,event_107,systematic_first,systematic_first
2032-04-21,-228395.54464573463,39559.695897710444,6117.1570386843705,-274072.3975821294,-226818.89816615806,0.09453158011137434,0.09312639393477984,0.0,event_107,systematic_first,systematic_first
2032-04-22,30916.83592536473,46150.98702568299,6345.590418114794,-21579.741518433053,-248398.63968459112,0.10738882221130637,0.10487251409818718,8208.623361836158,event_107,systematic_first,systematic_first
2032-04-23,228601.38005790344,43681.221240392886,5675.887884968885,179244.27093254167,-69154.36875204946,0.12896169223966653,0.12339502812749817,25621.91142515147,event_107,systematic_first,systematic_first
2032-04-26,1119486.161305808,29775.3707060805,5333.343659916041,1084377.4469398116,1015223.0781877621,0.10801361739449213,0.1030074569440388,11993.179531511152,event_107,systematic_first,systematic_first
2032-04-27,164516.45690011155,23390.36060032418,4606.306087615871,136519.7902121715,1151742.8683999334,0.09606152806747308,0.0891078821312663,0.0,event_107,systematic_first,systematic_first
2032-04-28,885270.8939111317,34511.41608226796,6971.023382621302,843788.4544462423,1995531.3228461756,0.08504149267524208,0.0798861811644323,0.0,event_107,systematic_first,systematic_first
2032-05-04,-80007.02928713126,25154.155186022235,3341.264248346296,-108502.4487214998,-108502.4487214998,0.10219796170527706,0.09499259449360269,1684.909270596574,event_108,systematic_first,systematic_first
2032-05-05,-24488.365853893123,31231.04346268222,3793.687852357783,-59513.09716893313,-168015.54589043293,0.1035974519185092,0.09692801070280288,1506.1839523144663,event_108,systematic_first,systematic_first
2032-05-06,719681.9138721939,29421.446398236214,4585.514440042702,685674.953033915,517659.4071434821,0.09659396583505037,0.08709353756275816,0.0,event_108,systematic_first,systematic_first
2032-05-07,-732665.0418142366,37560.828270758226,5349.054085825123,-775574.9241708199,-257915.5170273378,0.10346916295642011,0.10151933078647478,4394.500814145969,event_108,systematic_first,systematic_first
2032-05-10,304448.2000202043,46162.621247121366,6195.804897114256,252089.77387596868,-5825.743151369126,0.10187750806162046,0.09885128668717355,1364.9646043087996,event_108,systematic_first,systematic_first
2032-05-11,-1196002.8111240177,36515.562641822544,6153.143187313207,-1238671.5169531533,-1244497.2601045223,0.10808016061634403,0.10611763385541927,7886.9930739829,event_108,systematic_first,systematic_first
2032-05-12,-1674175.6770353322,44014.61301100884,6160.7738755980745,-1724351.063921939,-2968848.3240264617,0.11812026668016092,0.11273980638224397,17502.02323385165,event_108,systematic_first,systematic_first
2032-05-13,2857849.3731148057,33247.739571725295,5386.72589495834,2819214.907648122,-149633.41637833975,0.10511507424935494,0.1019374371117303,7866.311322153488,event_108,systematic_first,systematic_first
2032-05-14,623453.786577204,27089.16188802609,4659.3031559422225,591705.3215332357,442071.90515489597,0.09099695613887747,0.08729341829888808,0.0,event_108,systematic_first,systematic_first
2032-05-17,31232.105325950237,17402.92842225476,4674.851847164896,9154.325056530579,451226.23021142656,0.07467231332546208,0.07284349683327847,0.0,event_108,systematic_first,systematic_first
